train_indices,valid_indices,test_indices
6543,5385,6576
58,5807,1525
842,5805,476
4402,359,5693
5214,2950,6362
5410,5075,194
6157,4599,5597
6758,2720,5639
6571,2019,1792
462,3352,2347
3083,373,4883
1232,5470,5080
6478,3589,4615
2010,6893,6517
2910,5144,1540
2932,136,2767
2693,4359,4506
3448,1378,6493
3059,4198,4925
411,1898,353
905,6620,3912
2752,5804,6202
2520,36,593
3035,60,4758
5033,899,31
6270,1773,54
4518,3498,1057
6192,484,3576
1844,1972,1412
2329,1185,4827
2177,6671,4834
532,4379,6841
1043,5622,5662
6568,6077,3164
4389,2503,4980
2118,5516,1596
4857,4960,1616
6185,3237,3906
1152,5357,3929
5562,2975,1588
2802,3518,4647
4383,3701,765
3513,5491,4659
4352,5853,88
6073,61,634
2776,4665,6567
1885,5707,751
3986,4053,6281
4616,6046,582
1463,3165,1113
5911,5531,6183
4153,1598,5753
2317,3688,3763
6154,3689,6117
2304,5849,914
3016,6420,5353
2129,2690,3389
5012,6558,321
3100,5387,4177
4075,2893,3450
3354,86,1247
5235,6049,6017
4340,3537,4314
6852,5686,1551
3706,6044,1569
3474,6661,5595
5395,2426,3065
3211,4806,6763
1352,661,1027
1006,6824,4123
2591,952,6833
4784,5683,2107
4466,5714,5366
5492,3502,3241
314,4861,2289
130,3772,2395
478,2510,5499
6182,3210,3347
1094,1994,6894
6261,4330,3135
6329,1608,653
5640,866,6279
1468,6757,2495
2424,4573,5872
2104,3877,6615
3000,3255,2003
3400,6120,1678
1553,1225,3907
6241,187,4204
1395,2348,2721
5689,3104,6152
5341,1619,6161
4433,4269,6829
2275,5324,3381
3130,1950,10
2635,6760,5543
5666,2867,2287
5455,5384,4311
534,5373,4115
6339,3690,6903
3573,5483,4462
4260,4830,1167
6353,5959,6494
4180,4645,1499
6699,6581,6873
3974,2545,4464
4986,2242,3610
2627,4085,5039
3724,3635,4742
909,2352,1537
6258,2037,1831
2527,303,5764
838,4597,3633
2146,4289,4029
2772,2913,948
651,907,895
6292,4957,6725
723,5818,5042
2630,782,5615
6653,3260,2871
1288,6650,1664
2179,4306,1572
6535,2489,3423
4152,20,6064
5116,6719,4331
4677,5194,6655
2432,4217,4536
5333,5070,5570
5758,2156,5196
2551,1020,5278
2442,563,2443
6817,243,2182
5365,3916,4541
4740,5174,2391
6123,5147,2124
3696,589,177
2271,5295,2218
3043,6850,1528
1589,2070,955
2785,142,3960
4812,469,5900
3471,566,6751
2076,3036,5091
1847,6007,6248
99,3419,5169
6807,1906,1171
3544,5258,605
2895,5661,2285
814,5540,5150
1300,2149,3229
6379,6401,4734
1158,1250,2394
2099,5371,3626
1756,2253,2115
2957,1074,2834
1947,3481,169
2202,1607,5069
3492,965,2032
2191,1430,6525
5334,1737,3124
5680,813,1243
6802,266,1446
726,3067,6236
337,1803,1559
1821,2873,5076
6628,4366,257
1739,3102,2505
5824,1886,6293
1797,6631,1732
4891,2992,1686
3808,5217,3439
4915,4067,4367
4079,4122,5113
4357,3049,3079
1654,5079,669
1151,2775,3979
1040,2044,3767
4867,3098,5862
6125,221,4336
2544,6484,4967
1501,4307,84
5755,2573,5790
3563,2292,3814
4978,6065,6811
6577,4743,738
645,4567,6278
305,4315,1637
6775,4211,4086
3312,439,3179
4611,1049,5240
2831,995,5947
2063,1096,4823
3037,5580,5563
903,5358,2628
5168,718,5917
2171,5127,1117
1823,2281,4372
1841,5051,5793
1065,6806,2382
1014,744,5270
5114,3207,4938
590,3160,4442
2068,70,5446
5029,6366,3592
5401,6066,1098
6178,3713,2238
5924,6573,5074
1621,5544,6901
2095,5929,4017
621,739,5834
3992,2216,5980
3991,4537,1815
6490,5734,1203
3594,2556,994
6660,550,2683
5659,5206,4991
6419,4965,4164
4882,2956,6595
594,330,3587
1817,5502,5606
2768,3152,3707
6343,252,3662
4299,3442,5955
6505,6784,6496
878,5106,5001
831,1433,1345
4232,5759,5579
3393,3967,4917
2755,2109,1731
5310,4643,2255
1874,4207,6871
1769,3339,4901
344,2014,1292
5141,100,2334
3673,2479,4750
4919,3138,1326
1943,6319,1796
153,6855,6014
3901,6314,1497
2159,4332,2454
6482,4976,4491
2357,6557,5641
3943,2631,5103
4427,5187,1400
272,4038,275
2106,2157,3131
3269,268,6851
4175,1723,1560
5253,1441,1798
6341,6733,1759
2047,3913,1050
1927,4349,1062
6383,4184,6619
547,1314,4212
527,3137,3619
4691,5423,1422
3674,2406,1382
1984,3711,5355
2355,124,1640
3066,251,5791
6608,3175,2539
1754,5878,6687
1747,4958,5547
1223,2945,4354
4076,2338,209
4118,5490,1531
4783,4946,3993
4156,971,5645
6041,333,1924
4511,3432,324
3223,542,424
1450,3983,6452
47,1055,6488
1702,4272,357
5201,6613,1744
5096,2226,4415
5762,2029,6203
2732,872,5785
609,4348,5599
3663,1146,3441
3751,6163,1077
1102,1182,4889
1362,4817,5898
2850,4600,4197
4160,383,1848
1884,2996,3759
839,1417,1356
3667,5575,1179
4297,1828,1246
5883,5670,3964
6789,6579,2594
3458,3723,1464
5501,4570,774
2403,5031,4501
6447,5086,2231
3536,3634,2456
5874,1940,3170
3649,6115,3976
2739,3789,4170
5254,1576,5527
2158,4154,4467
2959,6683,3791
928,6296,4699
3755,753,4186
3581,6207,1662
6785,4471,667
4443,495,659
6335,2946,2595
5381,228,3292
1414,4831,348
1327,5296,279
5185,347,4382
4040,4140,401
3484,5895,4103
1688,2378,6531
1136,4566,4548
2015,3910,3048
3105,5238,6029
5158,4425,2697
5522,3585,1774
122,4005,1072
2801,5016,841
5885,6830,1339
6439,6351,79
4949,3063,2399
2523,4631,5340
5066,4975,920
1496,1843,3200
6726,3506,3201
2436,5798,6466
5629,3948,500
262,3985,2096
1303,2876,6890
3203,2008,2988
2753,6748,666
6005,6127,6868
6424,2808,1454
1458,781,137
1467,922,6016
4855,3050,5532
6644,2549,2167
6793,960,2279
1315,3583,5813
2941,4763,6087
6299,5448,2138
6451,2153,3282
3166,616,3703
3240,3314,2074
6738,4007,5780
801,4941,3047
722,6030,3190
1776,4559,1466
5870,3126,6792
4716,783,4679
5153,6737,6899
2578,2427,234
2864,3883,790
3936,1351,2160
5413,3980,5567
3379,3494,1418
5684,3878,3486
5651,4622,5856
2444,2448,2796
2797,127,1085
934,3053,4720
937,6686,6312
3596,4249,6501
1425,780,2491
4902,6633,2392
2853,3777,5167
4815,4859,6180
3020,6717,1003
1758,422,1818
3025,712,1078
1081,5219,3080
6827,1268,5519
1321,4682,6870
768,1286,5549
300,3128,4489
2574,5656,5431
53,6857,5271
5633,1493,2887
3045,3147,367
5018,1310,3363
1826,2641,4697
6469,1673,2763
5056,5899,5425
5500,742,3349
4344,1295,5494
5497,6700,6460
2022,3366,4803
2958,4947,4236
4766,6867,1262
1696,906,5964
5146,3642,443
3815,5869,3780
6179,1671,2782
1435,6754,5383
6647,631,6259
1730,2396,3057
4461,3414,5525
3055,488,6015
2625,5845,3125
442,2412,3869
6612,2660,5752
591,2517,1369
6233,898,6309
4350,5800,2017
3256,6397,4552
288,3368,2353
6559,3851,2283
3343,3629,6696
3647,5634,3699
5378,4082,1060
5565,4646,5566
1174,5346,5236
3994,736,4995
4872,4782,5817
1026,4223,4538
1375,1981,132
883,183,2981
5119,2522,4852
1850,996,3863
3113,4403,4117
2199,45,2446
160,1059,4167
5652,748,3743
4666,3806,3482
2859,5665,1864
4413,830,6459
4608,202,370
5767,1293,6209
6600,4825,2708
3615,2235,230
1925,298,4057
4584,1235,762
6037,1229,3169
1218,4757,116
1721,1918,6085
4729,1849,2880
4755,1502,3459
2919,5927,1289
5748,2737,6875
1746,1304,4614
6788,6584,1484
6176,289,1778
5227,6208,1346
1711,3702,2923
2023,3932,6039
2342,4558,1140
4174,1736,2273
6546,5210,1779
2318,4143,5938
4973,6527,4201
4407,778,3369
6463,2423,857
6772,4526,1971
6468,6831,4799
2639,5983,1205
156,5851,5386
3295,5058,3735
3476,4102,135
1765,2995,2168
3232,5993,6510
758,2065,2804
2259,5506,5692
2506,2126,4816
6320,1278,5604
4356,5465,2810
6082,1139,4504
5594,3641,881
6404,1150,2794
1858,3434,5514
3110,1215,5668
5585,2229,3252
126,1691,2976
5308,2264,457
840,4373,5307
1734,1156,6043
5921,4918,3895
2731,281,5648
49,6545,1593
2844,3193,5377
3150,1738,3825
6591,3089,2592
4294,274,94
1164,1233,4543
3657,6019,2585
5067,6002,3437
3829,5232,6880
4873,890,2847
6547,1643,918
3158,4287,4725
1391,2761,819
4274,1224,4296
6773,4421,2455
6528,950,3221
175,6499,5879
5701,2514,5239
4667,6228,5284
6454,2824,5428
4908,6268,1670
769,2525,1557
2534,3527,5865
6288,835,1556
2084,6147,30
2791,3313,6881
3449,261,5667
3600,5231,4247
573,5631,299
6083,1133,2290
32,3664,4328
4263,2526,6597
6181,4629,6865
4593,879,4080
4998,3748,203
3529,3307,5362
3572,4551,2005
5868,3569,4591
3279,570,4753
384,630,6240
3061,2148,1909
4014,5370,6778
188,4222,4751
5223,5285,2827
6009,5022,743
3136,6360,4898
2301,2062,6112
111,6487,4865
5920,1138,2621
4058,2463,4956
4724,5811,4673
2195,4562,3686
5027,4993,6475
323,2306,3361
6907,2862,2225
5510,2460,6020
2699,3028,2337
6149,2533,3533
5347,3129,5871
4242,6479,4529
4981,2215,5906
6685,1983,6291
5045,4215,3470
2667,3116,2058
3705,3963,5982
3861,576,4300
5495,660,2751
2220,5020,6714
2552,711,1532
1568,355,2
6858,1392,56
880,1937,2644
5826,5088,1655
2090,3097,5967
689,1075,893
5300,999,4818
985,5050,3367
3919,4586,5263
6092,732,3317
5132,5015,6734
6429,802,1371
2401,6874,2908
4095,17,6654
3265,6832,4982
2990,3781,3681
1650,4496,362
4675,1415,6060
258,548,3015
1031,2906,6051
5294,5159,3969
4,3645,4380
3176,5997,5072
410,4473,1281
1642,4137,297
6456,2869,4530
4712,2203,5264
978,6380,511
1386,6616,6694
2250,3088,4376
2861,1097,3139
5068,1217,6243
5564,4913,6402
4290,2928,3631
5359,871,6676
408,6877,2719
3996,6078,5325
1892,1709,67
470,3390,3679
2554,1977,5319
710,1494,5473
5180,1628,419
1974,5404,3844
302,2940,3946
2467,2680,4556
219,1100,933
3249,1160,4657
5053,1985,2814
3853,3133,5951
2034,201,254
4542,6108,6
6606,4534,5243
1390,1941,1486
4448,1258,5812
1157,6629,4059
3093,224,170
3811,3167,3371
1145,3202,3792
2207,6303,3261
2745,5321,1816
5518,3327,3784
1772,679,4854
3987,1089,6012
397,3424,4719
4124,3532,5131
1206,1942,46
1644,2410,2481
1231,1053,5649
970,4653,5816
2478,6853,5496
4590,1790,2571
461,3819,3487
3622,6223,2116
3338,2445,2144
815,6114,1015
5751,6662,1041
3727,3654,4227
1033,6399,3054
4814,6909,104
3078,413,2298
3411,691,1361
3259,4845,2951
2509,3402,5712
5479,3311,4074
5742,3245,2196
2128,844,5530
6326,3961,6164
1368,5460,5382
1524,3086,5393
1839,22,4776
6347,5301,2890
3052,5583,3085
4084,5040,3683
1542,6422,4935
3648,930,5299
6818,5374,6445
2400,3219,3717
2613,5503,2947
6746,4319,1879
5784,4623,2496
1820,1955,1302
2009,3483,1389
2237,3813,6593
5342,4412,1142
2955,4276,5647
5786,747,3761
2889,4630,3738
1196,1518,1630
6345,1982,6338
3658,6837,4704
694,3362,4251
897,2280,1318
3299,2194,3351
3835,3598,5603
577,6332,1802
3579,5062,6498
2833,1019,2066
6509,2513,4985
1833,2733,146
6129,766,5049
3588,4937,5339
4288,4283,4689
2499,5876,5063
4119,2388,2583
2688,2085,1165
3215,3891,3247
2286,3447,364
6663,3776,4078
5287,6779,3758
109,1656,4322
1836,2251,2103
23,3426,4096
2557,4205,5941
4250,178,6436
3575,862,3178
1388,5013,1333
4444,2404,2001
4693,3942,2356
6001,2393,3924
4378,4652,1679
1159,1695,3612
1122,3975,3258
4399,2263,5418
1973,85,5272
6107,6428,2266
5808,3181,924
4404,3830,703
4862,1120,6407
4821,5380,2765
6691,4073,3115
3108,1546,5985
163,6158,6657
3999,3280,6864
5186,2190,5363
6740,2569,2931
6264,4879,1697
533,6104,4564
1599,2563,1035
5484,5273,1653
6263,4436,6703
2089,3385,5745
200,1350,6578
6153,1365,1801
4220,3364,2930
6783,4792,5073
3329,5831,5451
4423,981,6275
4240,223,656
803,5437,2823
1794,6570,3408
4441,6844,3882
4800,2402,1555
3742,6226,1612
1698,3171,3090
6627,207,5990
5139,2899,4780
335,2476,4312
3114,4438,4298
4358,1312,2440
2615,3372,6786
2986,5486,4248
3096,4072,4811
406,4849,6538
1523,524,3951
5553,4161,1044
5006,1661,1860
4139,5172,6254
2614,2469,3839
5932,627,3556
583,4016,3655
5466,3404,4767
3732,5184,1176
2998,6555,946
6455,6021,4661
4943,526,4001
2379,6648,1998
2729,3708,3812
677,3941,5475
1887,4475,4747
1675,1342,735
6534,1397,5679
11,6352,2204
6126,6617,886
2575,1409,3712
6232,6630,2021
4393,445,369
3528,3794,4964
1068,5880,2901
294,3101,4018
2512,648,5904
421,5738,6040
2501,6430,2760
480,6816,4672
5732,2938,1219
817,1124,637
6639,3003,1827
6023,2519,727
896,3804,3008
845,217,5754
3491,3820,951
1121,4826,1406
4190,6621,6828
4664,2877,3779
420,5630,2172
1543,2541,6134
2658,642,3957
2140,1513,37
6790,5422,5556
731,4121,6702
3154,1658,962
2439,1168,5989
6411,5337,6507
5434,3157,4764
5109,3952,6720
3516,1570,1338
4808,1088,5571
260,5090,2256
4225,5957,2829
2633,1512,5646
3413,5797,3475
1341,6006,6766
4739,1393,2328
1669,680,5822
3007,2508,6502
6355,847,2349
1881,4114,4062
247,6511,2227
2711,2039,315
4056,2449,5618
1824,5007,6257
807,95,2886
6361,2135,670
6761,5379,5507
4762,4841,5225
2922,5269,5850
561,3617,6206
6433,956,1353
6632,5842,2891
5107,2872,3973
6187,5098,5313
222,3064,3730
2366,2548,2854
3076,860,1451
3336,3842,5756
4793,312,5828
493,276,2999
1627,1001,5905
3184,1109,6884
3039,5084,2542
979,5573,4847
2228,3902,6470
3149,4514,1051
4457,657,4819
943,5832,4264
3640,1533,6216
115,6642,5197
6495,5536,6711
1018,4228,6551
4458,1126,2905
3091,4310,6194
3087,6368,319
2145,4193,3887
5750,5100,5471
4795,4144,2584
1851,2240,1953
4650,5768,2122
5727,6071,4203
4786,4133,145
772,1405,2059
1853,852,1186
927,3319,2269
6906,4760,923
4106,4933,4706
1705,317,436
3937,5439,4754
2038,5994,6096
6412,5678,4368
1234,4853,3145
1558,910,1799
6756,4555,4400
654,4108,1788
4549,3607,6801
5867,4876,6764
805,1978,363
5417,4733,1923
3251,3680,1257
1694,2428,4990
3950,395,1048
3017,5390,1862
1527,1030,2807
6373,646,4950
4259,5482,4618
833,4741,1922
5000,2855,4575
3739,4568,792
1813,2918,501
2060,3868,6050
331,1360,6544
5464,715,2376
5311,1602,2724
6736,371,2742
4023,5702,5081
6302,6086,571
4926,6820,1047
63,1873,72
1638,3485,1189
2608,2477,3440
2703,205,1396
3348,6175,6732
690,2303,3636
3801,426,3846
3473,5795,1902
3239,2916,1190
5973,191,5391
639,3244,745
2147,1917,2011
381,5316,4822
4583,6643,4476
5462,2206,3923
2267,2830,6205
5199,1155,1474
3218,2915,1261
4768,2888,1911
5095,4969,4377
3892,114,3747
6769,1498,5344
725,1725,5643
5112,3909,349
1641,2435,5125
5426,6197,4952
3197,2268,5176
2691,5508,475
2743,2000,984
1354,1082,2754
1812,1299,4179
1770,390,6054
3597,5143,6431
5844,1622,329
6781,6728,4663
392,5256,6144
764,2966,301
2817,6171,586
761,2795,263
6474,6823,5635
5859,1764,2669
1038,2736,73
3335,3189,5965
1585,4176,3904
5092,1626,427
4477,1529,5881
5354,2598,3646
1108,108,265
1750,5450,6224
2728,6519,992
4189,5976,5833
2335,154,5757
6142,6272,2786
2734,1819,309
6160,5415,3198
118,902,5440
1987,1472,2602
6497,4837,5286
2820,5515,4636
5138,1755,4715
6637,6480,5244
1275,5894,1876
5367,3548,3180
6540,2692,6382
253,6199,6750
4888,5968,3436
5148,3997,1202
3334,3342,3461
1083,2187,986
6410,4576,724
3934,5644,1260
3920,5392,5204
4417,3557,206
730,4588,2246
1914,6165,1070
1358,4224,4851
1091,3802,1620
4507,954,4869
1929,2713,1514
6396,6095,1681
5950,2902,474
1549,3897,4101
6094,6235,4089
3409,6287,6681
3337,159,6729
1116,5338,3978
3795,5642,5717
4090,4668,4807
2078,43,1789
4994,2205,5650
2397,2485,5840
6458,3238,5211
1183,3694,5741
6462,5614,568
59,638,3926
4492,702,2330
6395,3099,5454
6549,2730,5429
2221,6394,6645
4432,4497,97
6440,1766,3697
5613,2252,5841
3002,3731,1584
6767,2674,5672
4281,3462,2299
1029,5722,5801
2589,103,38
101,4293,5526
804,3678,6101
825,1198,2677
2965,1536,3740
4246,5329,1564
4842,6128,6211
1718,647,1322
6444,3159,3228
6102,6759,6735
3451,4791,5688
794,6106,4355
5398,5221,1760
564,3865,5945
1220,5209,3935
5561,4171,40
800,4620,1763
2260,2572,1253
6524,1786,5596
5416,5399,1960
2272,3345,942
6730,4181,4681
4083,4632,6666
6587,3504,6794
3014,5389,4134
5505,5520,2297
3737,2936,2759
3294,2843,3894
6321,2309,2295
286,5739,5099
4318,5555,293
4420,1373,5706
4723,5432,5935
6583,4619,2977
6406,1131,1473
285,1416,2358
6219,3677,3832
4587,2984,3669
3566,4481,5703
961,5611,771
3753,6350,2339
5682,6819,868
1324,6718,3357
663,643,403
3968,3284,1348
6896,3479,4774
6623,4429,1716
1023,528,2026
3670,6432,5105
4370,1930,2588
1639,5326,6381
5825,843,4820
664,6286,4875
6651,1574,4907
5265,5134,4048
2219,106,150
2320,596,-1
5698,-1,-1
626,-1,-1
5888,-1,-1
1785,-1,-1
6327,-1,-1
3326,-1,-1
339,-1,-1
3095,-1,-1
629,-1,-1
2632,-1,-1
5456,-1,-1
6800,-1,-1
5111,-1,-1
2558,-1,-1
3253,-1,-1
4801,-1,-1
3001,-1,-1
3081,-1,-1
931,-1,-1
6035,-1,-1
6755,-1,-1
5600,-1,-1
2568,-1,-1
574,-1,-1
6307,-1,-1
166,-1,-1
4680,-1,-1
3302,-1,-1
4185,-1,-1
5485,-1,-1
3520,-1,-1
141,-1,-1
2293,-1,-1
4655,-1,-1
210,-1,-1
6590,-1,-1
3873,-1,-1
5586,-1,-1
5655,-1,-1
2284,-1,-1
1238,-1,-1
1125,-1,-1
2735,-1,-1
6358,-1,-1
2842,-1,-1
5977,-1,-1
3046,-1,-1
5071,-1,-1
5293,-1,-1
1308,-1,-1
2651,-1,-1
5521,-1,-1
885,-1,-1
1544,-1,-1
4051,-1,-1
6471,-1,-1
6229,-1,-1
4150,-1,-1
4054,-1,-1
990,-1,-1
5942,-1,-1
2094,-1,-1
4003,-1,-1
4617,-1,-1
1897,-1,-1
1011,-1,-1
6826,-1,-1
3499,-1,-1
3173,-1,-1
5351,-1,-1
6675,-1,-1
3377,-1,-1
3988,-1,-1
1090,-1,-1
3982,-1,-1
2232,-1,-1
5060,-1,-1
3687,-1,-1
3930,-1,-1
3927,-1,-1
3543,-1,-1
271,-1,-1
6354,-1,-1
5699,-1,-1
325,-1,-1
4554,-1,-1
650,-1,-1
450,-1,-1
6585,-1,-1
5576,-1,-1
5815,-1,-1
887,-1,-1
1787,-1,-1
3460,-1,-1
1110,-1,-1
4302,-1,-1
250,-1,-1
4759,-1,-1
5916,-1,-1
1822,-1,-1
5478,-1,-1
5352,-1,-1
2336,-1,-1
1255,-1,-1
3415,-1,-1
549,-1,-1
4805,-1,-1
5766,-1,-1
6556,-1,-1
4244,-1,-1
2718,-1,-1
1277,-1,-1
1104,-1,-1
2790,-1,-1
3488,-1,-1
5861,-1,-1
3858,-1,-1
5248,-1,-1
788,-1,-1
1753,-1,-1
414,-1,-1
2462,-1,-1
5658,-1,-1
6273,-1,-1
4894,-1,-1
2515,-1,-1
1793,-1,-1
1932,-1,-1
3321,-1,-1
1272,-1,-1
1383,-1,-1
5487,-1,-1
6467,-1,-1
5120,-1,-1
2550,-1,-1
3024,-1,-1
2307,-1,-1
89,-1,-1
2028,-1,-1
4640,-1,-1
1988,-1,-1
2812,-1,-1
579,-1,-1
6062,-1,-1
1457,-1,-1
4463,-1,-1
2980,-1,-1
6888,-1,-1
6308,-1,-1
5101,-1,-1
2201,-1,-1
2716,-1,-1
5723,-1,-1
4509,-1,-1
1305,-1,-1
2581,-1,-1
2787,-1,-1
3970,-1,-1
2278,-1,-1
3850,-1,-1
5979,-1,-1
1891,-1,-1
6148,-1,-1
5292,-1,-1
4966,-1,-1
6349,-1,-1
5551,-1,-1
6367,-1,-1
4230,-1,-1
6605,-1,-1
1692,-1,-1
14,-1,-1
3092,-1,-1
6139,-1,-1
4100,-1,-1
6724,-1,-1
775,-1,-1
5836,-1,-1
2640,-1,-1
1865,-1,-1
1894,-1,-1
569,-1,-1
2878,-1,-1
3525,-1,-1
1228,-1,-1
6284,-1,-1
892,-1,-1
5137,-1,-1
6391,-1,-1
407,-1,-1
6891,-1,-1
4036,-1,-1
5592,-1,-1
2236,-1,-1
6018,-1,-1
161,-1,-1
2257,-1,-1
1541,-1,-1
4796,-1,-1
2841,-1,-1
425,-1,-1
3341,-1,-1
3006,-1,-1
148,-1,-1
5676,-1,-1
5560,-1,-1
5743,-1,-1
4221,-1,-1
3467,-1,-1
2962,-1,-1
4390,-1,-1
2178,-1,-1
3074,-1,-1
3886,-1,-1
3611,-1,-1
603,-1,-1
5653,-1,-1
3177,-1,-1
674,-1,-1
2002,-1,-1
636,-1,-1
2652,-1,-1
5317,-1,-1
1829,-1,-1
3454,-1,-1
793,-1,-1
3264,-1,-1
3621,-1,-1
6674,-1,-1
2524,-1,-1
507,-1,-1
704,-1,-1
269,-1,-1
3534,-1,-1
259,-1,-1
3603,-1,-1
2559,-1,-1
4110,-1,-1
3760,-1,-1
6520,-1,-1
212,-1,-1
6673,-1,-1
5664,-1,-1
174,-1,-1
4984,-1,-1
4396,-1,-1
2082,-1,-1
2507,-1,-1
6409,-1,-1
5237,-1,-1
4934,-1,-1
6690,-1,-1
4286,-1,-1
2617,-1,-1
1566,-1,-1
6437,-1,-1
2244,-1,-1
3632,-1,-1
4015,-1,-1
4206,-1,-1
5438,-1,-1
4043,-1,-1
1061,-1,-1
2848,-1,-1
4916,-1,-1
5405,-1,-1
1491,-1,-1
2282,-1,-1
5435,-1,-1
5913,-1,-1
4920,-1,-1
2535,-1,-1
6552,-1,-1
112,-1,-1
523,-1,-1
2629,-1,-1
255,-1,-1
1710,-1,-1
3570,-1,-1
1245,-1,-1
4409,-1,-1
6707,-1,-1
4895,-1,-1
1582,-1,-1
5620,-1,-1
3480,-1,-1
1380,-1,-1
2312,-1,-1
3720,-1,-1
1099,-1,-1
3412,-1,-1
1857,-1,-1
2384,-1,-1
4624,-1,-1
602,-1,-1
6481,-1,-1
6910,-1,-1
6427,-1,-1
6665,-1,-1
3944,-1,-1
6574,-1,-1
5902,-1,-1
5792,-1,-1
2825,-1,-1
977,-1,-1
6200,-1,-1
5963,-1,-1
4905,-1,-1
3745,-1,-1
4686,-1,-1
226,-1,-1
1590,-1,-1
655,-1,-1
4128,-1,-1
2419,-1,-1
2565,-1,-1
1795,-1,-1
617,-1,-1
6234,-1,-1
3120,-1,-1
2130,-1,-1
2383,-1,-1
6876,-1,-1
2771,-1,-1
5930,-1,-1
295,-1,-1
1563,-1,-1
4535,-1,-1
4341,-1,-1
1241,-1,-1
1629,-1,-1
1719,-1,-1
2184,-1,-1
433,-1,-1
5408,-1,-1
5152,-1,-1
4060,-1,-1
505,-1,-1
2373,-1,-1
4395,-1,-1
2429,-1,-1
399,-1,-1
1900,-1,-1
6698,-1,-1
4020,-1,-1
6265,-1,-1
1749,-1,-1
4039,-1,-1
1313,-1,-1
6589,-1,-1
1704,-1,-1
5627,-1,-1
4218,-1,-1
3123,-1,-1
5136,-1,-1
873,-1,-1
5919,-1,-1
4151,-1,-1
6276,-1,-1
4387,-1,-1
3359,-1,-1
316,-1,-1
3523,-1,-1
6076,-1,-1
6727,-1,-1
1868,-1,-1
6515,-1,-1
2258,-1,-1
4342,-1,-1
1437,-1,-1
5774,-1,-1
1427,-1,-1
5447,-1,-1
2291,-1,-1
4829,-1,-1
4922,-1,-1
770,-1,-1
121,-1,-1
4627,-1,-1
4487,-1,-1
229,-1,-1
4401,-1,-1
5542,-1,-1
4292,-1,-1
5026,-1,-1
1462,-1,-1
6311,-1,-1
588,-1,-1
6193,-1,-1
4642,-1,-1
2832,-1,-1
1742,-1,-1
5776,-1,-1
6814,-1,-1
1410,-1,-1
6879,-1,-1
7,-1,-1
3546,-1,-1
2110,-1,-1
6541,-1,-1
6003,-1,-1
2939,-1,-1
296,-1,-1
6055,-1,-1
5770,-1,-1
454,-1,-1
2777,-1,-1
2636,-1,-1
1471,-1,-1
6743,-1,-1
2898,-1,-1
1129,-1,-1
4581,-1,-1
5624,-1,-1
5035,-1,-1
3172,-1,-1
6684,-1,-1
1021,-1,-1
3205,-1,-1
4711,-1,-1
6836,-1,-1
716,-1,-1
4041,-1,-1
4961,-1,-1
6103,-1,-1
3545,-1,-1
5823,-1,-1
6553,-1,-1
3822,-1,-1
6421,-1,-1
5685,-1,-1
6075,-1,-1
4362,-1,-1
3410,-1,-1
2502,-1,-1
1364,-1,-1
5123,-1,-1
69,-1,-1
1193,-1,-1
1520,-1,-1
2324,-1,-1
2016,-1,-1
1623,-1,-1
877,-1,-1
6418,-1,-1
82,-1,-1
3756,-1,-1
5208,-1,-1
2064,-1,-1
1483,-1,-1
3477,-1,-1
4836,-1,-1
6310,-1,-1
3866,-1,-1
5041,-1,-1
387,-1,-1
969,-1,-1
4385,-1,-1
6024,-1,-1
2486,-1,-1
5528,-1,-1
435,-1,-1
388,-1,-1
5023,-1,-1
1,-1,-1
4670,-1,-1
2311,-1,-1
2313,-1,-1
4035,-1,-1
4406,-1,-1
5183,-1,-1
6869,-1,-1
5065,-1,-1
3027,-1,-1
1200,-1,-1
553,-1,-1
572,-1,-1
2243,-1,-1
6604,-1,-1
4104,-1,-1
6414,-1,-1
2214,-1,-1
3911,-1,-1
5934,-1,-1
3141,-1,-1
2189,-1,-1
2954,-1,-1
220,-1,-1
3191,-1,-1
2912,-1,-1
4519,-1,-1
6516,-1,-1
13,-1,-1
3840,-1,-1
5424,-1,-1
2547,-1,-1
6155,-1,-1
2953,-1,-1
4874,-1,-1
1579,-1,-1
1842,-1,-1
2217,-1,-1
5690,-1,-1
2712,-1,-1
1213,-1,-1
327,-1,-1
4416,-1,-1
827,-1,-1
3947,-1,-1
1720,-1,-1
5097,-1,-1
2813,-1,-1
891,-1,-1
4120,-1,-1
6137,-1,-1
3453,-1,-1
1855,-1,-1
1022,-1,-1
3949,-1,-1
4749,-1,-1
696,-1,-1
1024,-1,-1
1477,-1,-1
3032,-1,-1
4353,-1,-1
4200,-1,-1
304,-1,-1
2881,-1,-1
975,-1,-1
4284,-1,-1
3659,-1,-1
396,-1,-1
3230,-1,-1
1267,-1,-1
2580,-1,-1
5055,-1,-1
3330,-1,-1
3288,-1,-1
4008,-1,-1
1715,-1,-1
326,-1,-1
4513,-1,-1
4835,-1,-1
291,-1,-1
4517,-1,-1
3456,-1,-1
6532,-1,-1
6640,-1,-1
1177,-1,-1
5779,-1,-1
361,-1,-1
5002,-1,-1
2470,-1,-1
3308,-1,-1
2186,-1,-1
826,-1,-1
4866,-1,-1
2882,-1,-1
1461,-1,-1
5610,-1,-1
2093,-1,-1
6318,-1,-1
1032,-1,-1
6799,-1,-1
3395,-1,-1
4440,-1,-1
3977,-1,-1
4335,-1,-1
2081,-1,-1
2675,-1,-1
1270,-1,-1
5077,-1,-1
5331,-1,-1
459,-1,-1
332,-1,-1
448,-1,-1
416,-1,-1
1657,-1,-1
5052,-1,-1
3275,-1,-1
6289,-1,-1
441,-1,-1
144,-1,-1
3561,-1,-1
4483,-1,-1
5908,-1,-1
6271,-1,-1
4453,-1,-1
6791,-1,-1
4208,-1,-1
306,-1,-1
2494,-1,-1
5789,-1,-1
2681,-1,-1
3627,-1,-1
4892,-1,-1
1967,-1,-1
916,-1,-1
1504,-1,-1
4447,-1,-1
3881,-1,-1
6245,-1,-1
2749,-1,-1
3140,-1,-1
6047,-1,-1
1595,-1,-1
6389,-1,-1
1882,-1,-1
6057,-1,-1
4893,-1,-1
3852,-1,-1
4470,-1,-1
3380,-1,-1
2261,-1,-1
721,-1,-1
957,-1,-1
2650,-1,-1
26,-1,-1
131,-1,-1
823,-1,-1
3787,-1,-1
1684,-1,-1
6081,-1,-1
3084,-1,-1
1335,-1,-1
3283,-1,-1
1594,-1,-1
4897,-1,-1
134,-1,-1
1617,-1,-1
2212,-1,-1
6266,-1,-1
2819,-1,-1
1954,-1,-1
5760,-1,-1
1895,-1,-1
4628,-1,-1
4510,-1,-1
211,-1,-1
2903,-1,-1
4505,-1,-1
2624,-1,-1
2619,-1,-1
6537,-1,-1
5281,-1,-1
1575,-1,-1
3609,-1,-1
1244,-1,-1
3833,-1,-1
1153,-1,-1
5459,-1,-1
5028,-1,-1
947,-1,-1
5488,-1,-1
3682,-1,-1
6834,-1,-1
1805,-1,-1
522,-1,-1
3734,-1,-1
1969,-1,-1
4545,-1,-1
786,-1,-1
318,-1,-1
1143,-1,-1
1372,-1,-1
5504,-1,-1
698,-1,-1
458,-1,-1
3715,-1,-1
3056,-1,-1
3183,-1,-1
668,-1,-1
3161,-1,-1
820,-1,-1
345,-1,-1
3376,-1,-1
6822,-1,-1
3318,-1,-1
6415,-1,-1
5320,-1,-1
4418,-1,-1
3500,-1,-1
5128,-1,-1
1470,-1,-1
5545,-1,-1
1631,-1,-1
62,-1,-1
270,-1,-1
755,-1,-1
3590,-1,-1
5087,-1,-1
2223,-1,-1
242,-1,-1
5463,-1,-1
4398,-1,-1
2438,-1,-1
4585,-1,-1
5863,-1,-1
4194,-1,-1
6425,-1,-1
2310,-1,-1
6843,-1,-1
5182,-1,-1
485,-1,-1
1207,-1,-1
1002,-1,-1
4012,-1,-1
1996,-1,-1
1311,-1,-1
1571,-1,-1
6805,-1,-1
908,-1,-1
5198,-1,-1
5681,-1,-1
5407,-1,-1
4397,-1,-1
1500,-1,-1
6342,-1,-1
749,-1,-1
5855,-1,-1
5343,-1,-1
105,-1,-1
5998,-1,-1
2815,-1,-1
3653,-1,-1
2576,-1,-1
6426,-1,-1
2367,-1,-1
5687,-1,-1
4606,-1,-1
2702,-1,-1
3320,-1,-1
1294,-1,-1
6678,-1,-1
4267,-1,-1
467,-1,-1
4094,-1,-1
4871,-1,-1
6070,-1,-1
6592,-1,-1
2689,-1,-1
2411,-1,-1
214,-1,-1
354,-1,-1
3841,-1,-1
4621,-1,-1
1651,-1,-1
3044,-1,-1
5046,-1,-1
5480,-1,-1
6840,-1,-1
1492,-1,-1
5969,-1,-1
5569,-1,-1
5952,-1,-1
1791,-1,-1
5118,-1,-1
2643,-1,-1
1239,-1,-1
5660,-1,-1
2161,-1,-1
1431,-1,-1
632,-1,-1
2387,-1,-1
4896,-1,-1
518,-1,-1
6386,-1,-1
4282,-1,-1
6672,-1,-1
2982,-1,-1
3217,-1,-1
1028,-1,-1
709,-1,-1
1284,-1,-1
5854,-1,-1
382,-1,-1
3773,-1,-1
3691,-1,-1
1459,-1,-1
1748,-1,-1
5966,-1,-1
33,-1,-1
4592,-1,-1
6664,-1,-1
1248,-1,-1
4607,-1,-1
6897,-1,-1
5866,-1,-1
6377,-1,-1
27,-1,-1
3452,-1,-1
3306,-1,-1
4880,-1,-1
2553,-1,-1
791,-1,-1
5250,-1,-1
2248,-1,-1
982,-1,-1
2748,-1,-1
2655,-1,-1
1264,-1,-1
4502,-1,-1
5715,-1,-1
3208,-1,-1
2952,-1,-1
2431,-1,-1
4188,-1,-1
4347,-1,-1
894,-1,-1
3394,-1,-1
2497,-1,-1
5835,-1,-1
133,-1,-1
3593,-1,-1
6649,-1,-1
5030,-1,-1
2622,-1,-1
5178,-1,-1
3287,-1,-1
3300,-1,-1
284,-1,-1
129,-1,-1
3864,-1,-1
5200,-1,-1
6704,-1,-1
3127,-1,-1
2326,-1,-1
988,-1,-1
6167,-1,-1
1201,-1,-1
5890,-1,-1
3922,-1,-1
4474,-1,-1
6457,-1,-1
1781,-1,-1
3898,-1,-1
1722,-1,-1
6195,-1,-1
4574,-1,-1
5704,-1,-1
1519,-1,-1
705,-1,-1
1505,-1,-1
4316,-1,-1
391,-1,-1
949,-1,-1
3233,-1,-1
686,-1,-1
1184,-1,-1
2917,-1,-1
3433,-1,-1
2239,-1,-1
5330,-1,-1
1970,-1,-1
2929,-1,-1
1490,-1,-1
520,-1,-1
1800,-1,-1
5005,-1,-1
935,-1,-1
6080,-1,-1
4245,-1,-1
6442,-1,-1
190,-1,-1
787,-1,-1
1274,-1,-1
3604,-1,-1
409,-1,-1
4979,-1,-1
2420,-1,-1
658,-1,-1
5004,-1,-1
5559,-1,-1
2181,-1,-1
1067,-1,-1
6375,-1,-1
5061,-1,-1
1290,-1,-1
3146,-1,-1
5059,-1,-1
4654,-1,-1
1682,-1,-1
6842,-1,-1
2756,-1,-1
901,-1,-1
147,-1,-1
1545,-1,-1
5671,-1,-1
4301,-1,-1
6215,-1,-1
334,-1,-1
2165,-1,-1
6554,-1,-1
6744,-1,-1
4563,-1,-1
3915,-1,-1
2934,-1,-1
5970,-1,-1
6682,-1,-1
6305,-1,-1
5925,-1,-1
6336,-1,-1
5266,-1,-1
6298,-1,-1
2606,-1,-1
4522,-1,-1
6461,-1,-1
6227,-1,-1
264,-1,-1
1476,-1,-1
1394,-1,-1
2302,-1,-1
2637,-1,-1
4087,-1,-1
3143,-1,-1
6365,-1,-1
2241,-1,-1
644,-1,-1
6113,-1,-1
5953,-1,-1
3652,-1,-1
350,-1,-1
4671,-1,-1
2131,-1,-1
5956,-1,-1
6635,-1,-1
50,-1,-1
5598,-1,-1
1191,-1,-1
5467,-1,-1
1013,-1,-1
2359,-1,-1
5441,-1,-1
2727,-1,-1
4021,-1,-1
2856,-1,-1
2050,-1,-1
5010,-1,-1
3187,-1,-1
5638,-1,-1
1614,-1,-1
4019,-1,-1
320,-1,-1
482,-1,-1
5512,-1,-1
2155,-1,-1
4111,-1,-1
6518,-1,-1
3847,-1,-1
1905,-1,-1
4744,-1,-1
3836,-1,-1
5157,-1,-1
4361,-1,-1
5509,-1,-1
6677,-1,-1
3889,-1,-1
1713,-1,-1
4972,-1,-1
5873,-1,-1
5882,-1,-1
464,-1,-1
3651,-1,-1
4268,-1,-1
1495,-1,-1
6132,-1,-1
1706,-1,-1
6063,-1,-1
6625,-1,-1
404,-1,-1
4130,-1,-1
4547,-1,-1
6317,-1,-1
2450,-1,-1
4524,-1,-1
5452,-1,-1
4280,-1,-1
1935,-1,-1
4802,-1,-1
1961,-1,-1
2345,-1,-1
1092,-1,-1
2567,-1,-1
4077,-1,-1
3220,-1,-1
2656,-1,-1
6580,-1,-1
5472,-1,-1
604,-1,-1
5535,-1,-1
1780,-1,-1
2666,-1,-1
1209,-1,-1
2132,-1,-1
1526,-1,-1
1618,-1,-1
1227,-1,-1
1132,-1,-1
2852,-1,-1
52,-1,-1
4488,-1,-1
5628,-1,-1
622,-1,-1
4722,-1,-1
2482,-1,-1
5213,-1,-1
6774,-1,-1
6398,-1,-1
1064,-1,-1
3893,-1,-1
3524,-1,-1
4437,-1,-1
3574,-1,-1
2798,-1,-1
4765,-1,-1
3174,-1,-1
2875,-1,-1
3407,-1,-1
3796,-1,-1
3586,-1,-1
4785,-1,-1
767,-1,-1
1287,-1,-1
1889,-1,-1
2973,-1,-1
4163,-1,-1
4639,-1,-1
5414,-1,-1
6712,-1,-1
4789,-1,-1
6752,-1,-1
5108,-1,-1
4135,-1,-1
3856,-1,-1
6174,-1,-1
1804,-1,-1
966,-1,-1
855,-1,-1
3905,-1,-1
5011,-1,-1
189,-1,-1
599,-1,-1
5933,-1,-1
2774,-1,-1
5511,-1,-1
3899,-1,-1
1685,-1,-1
628,-1,-1
1666,-1,-1
336,-1,-1
2723,-1,-1
6638,-1,-1
3192,-1,-1
2197,-1,-1
3515,-1,-1
5094,-1,-1
4909,-1,-1
2465,-1,-1
4885,-1,-1
6370,-1,-1
5175,-1,-1
3890,-1,-1
682,-1,-1
2487,-1,-1
1297,-1,-1
821,-1,-1
3519,-1,-1
1387,-1,-1
5984,-1,-1
5017,-1,-1
2611,-1,-1
2117,-1,-1
4870,-1,-1
3340,-1,-1
6465,-1,-1
4011,-1,-1
6611,-1,-1
6191,-1,-1
5775,-1,-1
412,-1,-1
5839,-1,-1
287,-1,-1
1359,-1,-1
4191,-1,-1
6084,-1,-1
5857,-1,-1
4884,-1,-1
3939,-1,-1
1199,-1,-1
6446,-1,-1
3234,-1,-1
2846,-1,-1
4569,-1,-1
2925,-1,-1
5124,-1,-1
5163,-1,-1
6146,-1,-1
5988,-1,-1
2488,-1,-1
967,-1,-1
509,-1,-1
3403,-1,-1
3243,-1,-1
3538,-1,-1
431,-1,-1
1237,-1,-1
5907,-1,-1
1945,-1,-1
6560,-1,-1
6787,-1,-1
2040,-1,-1
3754,-1,-1
1610,-1,-1
41,-1,-1
2668,-1,-1
2741,-1,-1
6008,-1,-1
2055,-1,-1
4525,-1,-1
2924,-1,-1
5093,-1,-1
3235,-1,-1
277,-1,-1
1107,-1,-1
3507,-1,-1
2994,-1,-1
5406,-1,-1
6607,-1,-1
2422,-1,-1
3353,-1,-1
5943,-1,-1
1282,-1,-1
497,-1,-1
4810,-1,-1
3710,-1,-1
3322,-1,-1
71,-1,-1
1007,-1,-1
2398,-1,-1
3418,-1,-1
3685,-1,-1
5616,-1,-1
4381,-1,-1
3121,-1,-1
310,-1,-1
5691,-1,-1
5593,-1,-1
6374,-1,-1
1119,-1,-1
1968,-1,-1
6247,-1,-1
1934,-1,-1
3803,-1,-1
2818,-1,-1
4042,-1,-1
2564,-1,-1
4954,-1,-1
1118,-1,-1
4728,-1,-1
4635,-1,-1
4183,-1,-1
3775,-1,-1
3276,-1,-1
3073,-1,-1
5819,-1,-1
4612,-1,-1
4061,-1,-1
4669,-1,-1
2407,-1,-1
6438,-1,-1
5115,-1,-1
3346,-1,-1
496,-1,-1
2234,-1,-1
123,-1,-1
1309,-1,-1
3613,-1,-1
4125,-1,-1
4065,-1,-1
3644,-1,-1
328,-1,-1
6150,-1,-1
4369,-1,-1
6387,-1,-1
1808,-1,-1
3764,-1,-1
8,-1,-1
5608,-1,-1
3571,-1,-1
366,-1,-1
5999,-1,-1
6269,-1,-1
5427,-1,-1
4779,-1,-1
929,-1,-1
9,-1,-1
4202,-1,-1
6217,-1,-1
2907,-1,-1
4116,-1,-1
504,-1,-1
1522,-1,-1
4868,-1,-1
4214,-1,-1
6434,-1,-1
3854,-1,-1
6242,-1,-1
3558,-1,-1
2150,-1,-1
1046,-1,-1
3875,-1,-1
2590,-1,-1
5726,-1,-1
5546,-1,-1
3132,-1,-1
6340,-1,-1
15,-1,-1
6033,-1,-1
2634,-1,-1
4277,-1,-1
5524,-1,-1
600,-1,-1
4698,-1,-1
4045,-1,-1
4512,-1,-1
1838,-1,-1
3862,-1,-1
2340,-1,-1
5019,-1,-1
5574,-1,-1
4313,-1,-1
2409,-1,-1
4261,-1,-1
5718,-1,-1
1008,-1,-1
1336,-1,-1
2686,-1,-1
1948,-1,-1
3231,-1,-1
5315,-1,-1
3325,-1,-1
1266,-1,-1
4498,-1,-1
4732,-1,-1
490,-1,-1
4495,-1,-1
6130,-1,-1
4756,-1,-1
5730,-1,-1
706,-1,-1
6255,-1,-1
4295,-1,-1
1071,-1,-1
1912,-1,-1
1005,-1,-1
752,-1,-1
6854,-1,-1
6641,-1,-1
3062,-1,-1
4924,-1,-1
5721,-1,-1
6231,-1,-1
1489,-1,-1
3555,-1,-1
1377,-1,-1
3011,-1,-1
5572,-1,-1
867,-1,-1
4285,-1,-1
2473,-1,-1
5695,-1,-1
1509,-1,-1
4735,-1,-1
3972,-1,-1
4484,-1,-1
3396,-1,-1
5130,-1,-1
884,-1,-1
5912,-1,-1
4219,-1,-1
12,-1,-1
5534,-1,-1
2537,-1,-1
615,-1,-1
4887,-1,-1
537,-1,-1
6038,-1,-1
6221,-1,-1
172,-1,-1
1580,-1,-1
1279,-1,-1
3614,-1,-1
1814,-1,-1
2323,-1,-1
4997,-1,-1
6898,-1,-1
3954,-1,-1
2139,-1,-1
5623,-1,-1
1249,-1,-1
5228,-1,-1
5220,-1,-1
3757,-1,-1
5135,-1,-1
2536,-1,-1
1222,-1,-1
5991,-1,-1
2163,-1,-1
3425,-1,-1
5897,-1,-1
6162,-1,-1
1374,-1,-1
5886,-1,-1
4394,-1,-1
2698,-1,-1
1204,-1,-1
2333,-1,-1
734,-1,-1
1916,-1,-1
2800,-1,-1
6902,-1,-1
1016,-1,-1
5568,-1,-1
5578,-1,-1
152,-1,-1
6034,-1,-1
3031,-1,-1
6323,-1,-1
2471,-1,-1
3547,-1,-1
6059,-1,-1
5388,-1,-1
1130,-1,-1
4422,-1,-1
6435,-1,-1
4196,-1,-1
5412,-1,-1
4009,-1,-1
3783,-1,-1
4840,-1,-1
2603,-1,-1
1148,-1,-1
536,-1,-1
5626,-1,-1
2530,-1,-1
6218,-1,-1
5453,-1,-1
662,-1,-1
2694,-1,-1
2892,-1,-1
510,-1,-1
3071,-1,-1
2868,-1,-1
3855,-1,-1
1105,-1,-1
6566,-1,-1
2211,-1,-1
519,-1,-1
4195,-1,-1
5829,-1,-1
6504,-1,-1
4580,-1,-1
2538,-1,-1
2896,-1,-1
3013,-1,-1
1103,-1,-1
2437,-1,-1
4572,-1,-1
498,-1,-1
1042,-1,-1
5162,-1,-1
2642,-1,-1
4480,-1,-1
4687,-1,-1
5697,-1,-1
6190,-1,-1
4582,-1,-1
6492,-1,-1
3628,-1,-1
2434,-1,-1
3457,-1,-1
5403,-1,-1
5554,-1,-1
1573,-1,-1
313,-1,-1
1926,-1,-1
1316,-1,-1
6091,-1,-1
575,-1,-1
2180,-1,-1
6530,-1,-1
4132,-1,-1
4633,-1,-1
1037,-1,-1
3695,-1,-1
611,-1,-1
1187,-1,-1
2185,-1,-1
1727,-1,-1
601,-1,-1
2466,-1,-1
1054,-1,-1
5350,-1,-1
1448,-1,-1
6602,-1,-1
3620,-1,-1
3508,-1,-1
2321,-1,-1
1162,-1,-1
4709,-1,-1
1964,-1,-1
6028,-1,-1
42,-1,-1
3323,-1,-1
6124,-1,-1
2374,-1,-1
1687,-1,-1
3965,-1,-1
4713,-1,-1
1777,-1,-1
1680,-1,-1
3501,-1,-1
5946,-1,-1
4738,-1,-1
3431,-1,-1
4273,-1,-1
5513,-1,-1
3535,-1,-1
5498,-1,-1
1025,-1,-1
5189,-1,-1
2726,-1,-1
1535,-1,-1
997,-1,-1
1379,-1,-1
3729,-1,-1
3595,-1,-1
6485,-1,-1
2647,-1,-1
2461,-1,-1
4546,-1,-1
2421,-1,-1
2035,-1,-1
430,-1,-1
51,-1,-1
5279,-1,-1
4088,-1,-1
92,-1,-1
4138,-1,-1
1863,-1,-1
3122,-1,-1
5170,-1,-1
4685,-1,-1
4864,-1,-1
6356,-1,-1
921,-1,-1
3242,-1,-1
6186,-1,-1
2033,-1,-1
5048,-1,-1
2989,-1,-1
3355,-1,-1
4721,-1,-1
1875,-1,-1
3478,-1,-1
5821,-1,-1
2134,-1,-1
4578,-1,-1
1958,-1,-1
2789,-1,-1
3344,-1,-1
5024,-1,-1
1226,-1,-1
4162,-1,-1
6486,-1,-1
3709,-1,-1
3405,-1,-1
2521,-1,-1
3661,-1,-1
1550,-1,-1
6026,-1,-1
4237,-1,-1
5940,-1,-1
4000,-1,-1
4325,-1,-1
4149,-1,-1
1936,-1,-1
5245,-1,-1
640,-1,-1
3637,-1,-1
1995,-1,-1
2835,-1,-1
5827,-1,-1
2098,-1,-1
4107,-1,-1
1733,-1,-1
750,-1,-1
6782,-1,-1
6448,-1,-1
389,-1,-1
6316,-1,-1
1263,-1,-1
5778,-1,-1
5291,-1,-1
525,-1,-1
1901,-1,-1
4539,-1,-1
4595,-1,-1
5177,-1,-1
346,-1,-1
5981,-1,-1
3051,-1,-1
2682,-1,-1
555,-1,-1
1240,-1,-1
83,-1,-1
4049,-1,-1
6848,-1,-1
3266,-1,-1
1517,-1,-1
1355,-1,-1
4365,-1,-1
6036,-1,-1
4131,-1,-1
2453,-1,-1
2696,-1,-1
5057,-1,-1
5179,-1,-1
499,-1,-1
1401,-1,-1
3391,-1,-1
4770,-1,-1
1636,-1,-1
1516,-1,-1
688,-1,-1
1910,-1,-1
1478,-1,-1
2183,-1,-1
4939,-1,-1
6098,-1,-1
6141,-1,-1
4343,-1,-1
4927,-1,-1
4136,-1,-1
6348,-1,-1
1877,-1,-1
4004,-1,-1
16,-1,-1
4266,-1,-1
5728,-1,-1
1562,-1,-1
6892,-1,-1
5538,-1,-1
5421,-1,-1
1979,-1,-1
1854,-1,-1
2031,-1,-1
6609,-1,-1
1076,-1,-1
185,-1,-1
3817,-1,-1
343,-1,-1
3650,-1,-1
5892,-1,-1
932,-1,-1
57,-1,-1
6695,-1,-1
379,-1,-1
365,-1,-1
5054,-1,-1
6170,-1,-1
3310,-1,-1
5400,-1,-1
2738,-1,-1
4022,-1,-1
3860,-1,-1
5298,-1,-1
4326,-1,-1
3222,-1,-1
3746,-1,-1
3896,-1,-1
3503,-1,-1
2645,-1,-1
2701,-1,-1
2715,-1,-1
5345,-1,-1
4944,-1,-1
75,-1,-1
2468,-1,-1
6885,-1,-1
6886,-1,-1
1069,-1,-1
2604,-1,-1
5769,-1,-1
4609,-1,-1
2464,-1,-1
6521,-1,-1
508,-1,-1
2254,-1,-1
1475,-1,-1
5926,-1,-1
4520,-1,-1
4499,-1,-1
2780,-1,-1
1591,-1,-1
1768,-1,-1
2368,-1,-1
2511,-1,-1
351,-1,-1
4988,-1,-1
5396,-1,-1
2296,-1,-1
529,-1,-1
3293,-1,-1
6483,-1,-1
3224,-1,-1
974,-1,-1
2993,-1,-1
4363,-1,-1
3469,-1,-1
1172,-1,-1
4388,-1,-1
74,-1,-1
2806,-1,-1
119,-1,-1
592,-1,-1
6027,-1,-1
3580,-1,-1
1175,-1,-1
3837,-1,-1
4465,-1,-1
964,-1,-1
671,-1,-1
3785,-1,-1
5961,-1,-1
2672,-1,-1
4565,-1,-1
4809,-1,-1
538,-1,-1
535,-1,-1
4431,-1,-1
6849,-1,-1
1283,-1,-1
1291,-1,-1
714,-1,-1
2142,-1,-1
5740,-1,-1
2346,-1,-1
6513,-1,-1
466,-1,-1
192,-1,-1
6280,-1,-1
757,-1,-1
2151,-1,-1
241,-1,-1
3786,-1,-1
6239,-1,-1
4914,-1,-1
5944,-1,-1
556,-1,-1
4146,-1,-1
3542,-1,-1
4046,-1,-1
2111,-1,-1
6670,-1,-1
3874,-1,-1
2276,-1,-1
6363,-1,-1
4730,-1,-1
1141,-1,-1
4531,-1,-1
2935,-1,-1
3060,-1,-1
4684,-1,-1
2141,-1,-1
4794,-1,-1
2305,-1,-1
6866,-1,-1
434,-1,-1
456,-1,-1
6403,-1,-1
437,-1,-1
3072,-1,-1
676,-1,-1
618,-1,-1
311,-1,-1
5117,-1,-1
4929,-1,-1
5673,-1,-1
4521,-1,-1
6561,-1,-1
773,-1,-1
5193,-1,-1
1214,-1,-1
1052,-1,-1
2845,-1,-1
3401,-1,-1
6300,-1,-1
6601,-1,-1
2343,-1,-1
238,-1,-1
3297,-1,-1
3749,-1,-1
4408,-1,-1
6204,-1,-1
1469,-1,-1
2097,-1,-1
2154,-1,-1
870,-1,-1
4999,-1,-1
2474,-1,-1
5590,-1,-1
1106,-1,-1
6249,-1,-1
2610,-1,-1
4540,-1,-1
2663,-1,-1
6713,-1,-1
5368,-1,-1
2105,-1,-1
6815,-1,-1
2974,-1,-1
4435,-1,-1
6797,-1,-1
546,-1,-1
3750,-1,-1
18,-1,-1
4769,-1,-1
3984,-1,-1
2274,-1,-1
1893,-1,-1
3660,-1,-1
1634,-1,-1
1530,-1,-1
4787,-1,-1
3392,-1,-1
5212,-1,-1
1767,-1,-1
5282,-1,-1
6491,-1,-1
612,-1,-1
717,-1,-1
2193,-1,-1
6053,-1,-1
1846,-1,-1
740,-1,-1
3914,-1,-1
3188,-1,-1
6177,-1,-1
1039,-1,-1
2041,-1,-1
4708,-1,-1
4494,-1,-1
6058,-1,-1
1869,-1,-1
4226,-1,-1
6489,-1,-1
6372,-1,-1
5696,-1,-1
580,-1,-1
2457,-1,-1
342,-1,-1
5588,-1,-1
2838,-1,-1
6599,-1,-1
6079,-1,-1
720,-1,-1
4508,-1,-1
2991,-1,-1
3212,-1,-1
6856,-1,-1
911,-1,-1
543,-1,-1
5901,-1,-1
3286,-1,-1
3497,-1,-1
6230,-1,-1
1707,-1,-1
2676,-1,-1
2706,-1,-1
117,-1,-1
3298,-1,-1
6376,-1,-1
1645,-1,-1
797,-1,-1
6859,-1,-1
6508,-1,-1
2188,-1,-1
180,-1,-1
652,-1,-1
1646,-1,-1
5394,-1,-1
936,-1,-1
3719,-1,-1
232,-1,-1
1445,-1,-1
2247,-1,-1
5736,-1,-1
4063,-1,-1
5864,-1,-1
2883,-1,-1
3733,-1,-1
6847,-1,-1
3722,-1,-1
6882,-1,-1
665,-1,-1
6533,-1,-1
1724,-1,-1
4683,-1,-1
5548,-1,-1
856,-1,-1
1221,-1,-1
4900,-1,-1
2018,-1,-1
2783,-1,-1
393,-1,-1
4731,-1,-1
5261,-1,-1
2210,-1,-1
1439,-1,-1
2447,-1,-1
182,-1,-1
4906,-1,-1
1552,-1,-1
3998,-1,-1
2152,-1,-1
6256,-1,-1
5765,-1,-1
6210,-1,-1
5207,-1,-1
1344,-1,-1
4414,-1,-1
6384,-1,-1
5444,-1,-1
2012,-1,-1
1269,-1,-1
283,-1,-1
678,-1,-1
6472,-1,-1
1095,-1,-1
3778,-1,-1
5493,-1,-1
514,-1,-1
5303,-1,-1
233,-1,-1
2325,-1,-1
6225,-1,-1
1957,-1,-1
850,-1,-1
4610,-1,-1
737,-1,-1
623,-1,-1
1009,-1,-1
5724,-1,-1
4105,-1,-1
5229,-1,-1
492,-1,-1
4596,-1,-1
4707,-1,-1
3277,-1,-1
3010,-1,-1
3692,-1,-1
186,-1,-1
451,-1,-1
81,-1,-1
1611,-1,-1
2646,-1,-1
517,-1,-1
4187,-1,-1
3766,-1,-1
6109,-1,-1
4456,-1,-1
6145,-1,-1
4886,-1,-1
3630,-1,-1
3271,-1,-1
3068,-1,-1
2828,-1,-1
1741,-1,-1
5601,-1,-1
4771,-1,-1
4234,-1,-1
1319,-1,-1
554,-1,-1
6731,-1,-1
864,-1,-1
5190,-1,-1
1871,-1,-1
2540,-1,-1
246,-1,-1
24,-1,-1
5222,-1,-1
5064,-1,-1
1280,-1,-1
1997,-1,-1
876,-1,-1
3162,-1,-1
5674,-1,-1
5085,-1,-1
4523,-1,-1
1188,-1,-1
6184,-1,-1
5995,-1,-1
3118,-1,-1
3148,-1,-1
2600,-1,-1
3304,-1,-1
216,-1,-1
6297,-1,-1
3550,-1,-1
5737,-1,-1
1080,-1,-1
4327,-1,-1
4032,-1,-1
3444,-1,-1
5577,-1,-1
3023,-1,-1
1419,-1,-1
5617,-1,-1
5773,-1,-1
3034,-1,-1
6400,-1,-1
4690,-1,-1
2176,-1,-1
2816,-1,-1
358,-1,-1
4702,-1,-1
3577,-1,-1
1965,-1,-1
3225,-1,-1
606,-1,-1
3324,-1,-1
598,-1,-1
184,-1,-1
5923,-1,-1
5612,-1,-1
1385,-1,-1
4921,-1,-1
4863,-1,-1
2659,-1,-1
3094,-1,-1
1581,-1,-1
3111,-1,-1
695,-1,-1
5809,-1,-1
4345,-1,-1
6330,-1,-1
1938,-1,-1
2960,-1,-1
91,-1,-1
5802,-1,-1
1398,-1,-1
4391,-1,-1
4445,-1,-1
5397,-1,-1
380,-1,-1
1259,-1,-1
6693,-1,-1
4424,-1,-1
2851,-1,-1
673,-1,-1
2987,-1,-1
3539,-1,-1
544,-1,-1
6548,-1,-1
6004,-1,-1
5037,-1,-1
4968,-1,-1
834,-1,-1
3602,-1,-1
5928,-1,-1
5195,-1,-1
4030,-1,-1
1609,-1,-1
5915,-1,-1
1506,-1,-1
5619,-1,-1
2593,-1,-1
3382,-1,-1
904,-1,-1
3966,-1,-1
2793,-1,-1
5803,-1,-1
5216,-1,-1
6705,-1,-1
3009,-1,-1
1920,-1,-1
5430,-1,-1
2758,-1,-1
2209,-1,-1
2327,-1,-1
5021,-1,-1
197,-1,-1
4828,-1,-1
96,-1,-1
6582,-1,-1
2114,-1,-1
3268,-1,-1
4113,-1,-1
1402,-1,-1
48,-1,-1
1990,-1,-1
2709,-1,-1
4364,-1,-1
1632,-1,-1
1328,-1,-1
1577,-1,-1
2531,-1,-1
3884,-1,-1
341,-1,-1
1834,-1,-1
6536,-1,-1
759,-1,-1
1149,-1,-1
822,-1,-1
5409,-1,-1
6795,-1,-1
4479,-1,-1
6121,-1,-1
2944,-1,-1
5733,-1,-1
4434,-1,-1
5877,-1,-1
5710,-1,-1
4324,-1,-1
1036,-1,-1
2968,-1,-1
741,-1,-1
3599,-1,-1
3163,-1,-1
165,-1,-1
4182,-1,-1
1479,-1,-1
1154,-1,-1
4337,-1,-1
3058,-1,-1
2671,-1,-1
4737,-1,-1
925,-1,-1
798,-1,-1
2894,-1,-1
1811,-1,-1
168,-1,-1
1980,-1,-1
2870,-1,-1
3012,-1,-1
5140,-1,-1
2707,-1,-1
1999,-1,-1
4644,-1,-1
2086,-1,-1
4329,-1,-1
6453,-1,-1
3030,-1,-1
3958,-1,-1
6658,-1,-1
6333,-1,-1
2433,-1,-1
4168,-1,-1
4256,-1,-1
4899,-1,-1
2164,-1,-1
5931,-1,-1
6069,-1,-1
2381,-1,-1
3551,-1,-1
468,-1,-1
2170,-1,-1
2322,-1,-1
3522,-1,-1
4253,-1,-1
2390,-1,-1
465,-1,-1
3797,-1,-1
5036,-1,-1
5677,-1,-1
2577,-1,-1
1073,-1,-1
5799,-1,-1
3770,-1,-1
1782,-1,-1
4209,-1,-1
6089,-1,-1
4375,-1,-1
4050,-1,-1
4844,-1,-1
512,-1,-1
6000,-1,-1
3672,-1,-1
685,-1,-1
5896,-1,-1
3823,-1,-1
3236,-1,-1
701,-1,-1
5843,-1,-1
3675,-1,-1
2364,-1,-1
2543,-1,-1
400,-1,-1
2046,-1,-1
5226,-1,-1
919,-1,-1
6450,-1,-1
1775,-1,-1
2601,-1,-1
138,-1,-1
6143,-1,-1
1647,-1,-1
1045,-1,-1
6140,-1,-1
882,-1,-1
530,-1,-1
3530,-1,-1
3496,-1,-1
6133,-1,-1
1452,-1,-1
3350,-1,-1
3880,-1,-1
6749,-1,-1
1740,-1,-1
4970,-1,-1
3464,-1,-1
728,-1,-1
3908,-1,-1
915,-1,-1
3182,-1,-1
2004,-1,-1
2075,-1,-1
1604,-1,-1
5937,-1,-1
854,-1,-1
5541,-1,-1
779,-1,-1
292,-1,-1
2024,-1,-1
1870,-1,-1
5948,-1,-1
2555,-1,-1
3144,-1,-1
6768,-1,-1
2710,-1,-1
3643,-1,-1
6476,-1,-1
837,-1,-1
3386,-1,-1
3962,-1,-1
6887,-1,-1
2351,-1,-1
4648,-1,-1
1317,-1,-1
2673,-1,-1
3618,-1,-1
2661,-1,-1
3422,-1,-1
4303,-1,-1
2762,-1,-1
2192,-1,-1
3716,-1,-1
4257,-1,-1
2362,-1,-1
368,-1,-1
6689,-1,-1
6514,-1,-1
44,-1,-1
6237,-1,-1
4718,-1,-1
824,-1,-1
352,-1,-1
3956,-1,-1
65,-1,-1
2788,-1,-1
6189,-1,-1
869,-1,-1
2372,-1,-1
2725,-1,-1
4127,-1,-1
3070,-1,-1
1460,-1,-1
5411,-1,-1
5246,-1,-1
267,-1,-1
5796,-1,-1
5348,-1,-1
6721,-1,-1
2027,-1,-1
5891,-1,-1
4533,-1,-1
6839,-1,-1
5166,-1,-1
6222,-1,-1
2363,-1,-1
113,-1,-1
4317,-1,-1
5268,-1,-1
6688,-1,-1
1056,-1,-1
4951,-1,-1
4911,-1,-1
3005,-1,-1
1883,-1,-1
851,-1,-1
1482,-1,-1
5420,-1,-1
4903,-1,-1
1147,-1,-1
5709,-1,-1
5602,-1,-1
3714,-1,-1
4178,-1,-1
4923,-1,-1
6168,-1,-1
55,-1,-1
1211,-1,-1
4469,-1,-1
3736,-1,-1
6506,-1,-1
763,-1,-1
4229,-1,-1
6477,-1,-1
3676,-1,-1
559,-1,-1
3463,-1,-1
4320,-1,-1
3333,-1,-1
2904,-1,-1
6212,-1,-1
2566,-1,-1
5445,-1,-1
1928,-1,-1
4940,-1,-1
66,-1,-1
5552,-1,-1
917,-1,-1
3870,-1,-1
5155,-1,-1
2518,-1,-1
2648,-1,-1
5474,-1,-1
1340,-1,-1
5523,-1,-1
2546,-1,-1
5304,-1,-1
5747,-1,-1
5280,-1,-1
945,-1,-1
2045,-1,-1
2857,-1,-1
2137,-1,-1
5814,-1,-1
4701,-1,-1
3151,-1,-1
6344,-1,-1
6105,-1,-1
6301,-1,-1
4275,-1,-1
3744,-1,-1
3399,-1,-1
4928,-1,-1
1676,-1,-1
2909,-1,-1
5003,-1,-1
4454,-1,-1
2900,-1,-1
1114,-1,-1
2054,-1,-1
2849,-1,-1
2560,-1,-1
6173,-1,-1
1919,-1,-1
249,-1,-1
972,-1,-1
3665,-1,-1
2978,-1,-1
155,-1,-1
1256,-1,-1
633,-1,-1
5078,-1,-1
1708,-1,-1
6715,-1,-1
3788,-1,-1
2418,-1,-1
719,-1,-1
2472,-1,-1
1465,-1,-1
6110,-1,-1
3370,-1,-1
5806,-1,-1
3430,-1,-1
372,-1,-1
557,-1,-1
1878,-1,-1
3925,-1,-1
4241,-1,-1
1939,-1,-1
4773,-1,-1
2300,-1,-1
5161,-1,-1
6214,-1,-1
2369,-1,-1
2620,-1,-1
6796,-1,-1
6392,-1,-1
6122,-1,-1
585,-1,-1
5154,-1,-1
1444,-1,-1
3578,-1,-1
1701,-1,-1
4996,-1,-1
1903,-1,-1
4971,-1,-1
1547,-1,-1
1144,-1,-1
1178,-1,-1
5335,-1,-1
1861,-1,-1
5636,-1,-1
3928,-1,-1
3429,-1,-1
1481,-1,-1
4695,-1,-1
1017,-1,-1
2618,-1,-1
479,-1,-1
613,-1,-1
5247,-1,-1
1337,-1,-1
1323,-1,-1
1761,-1,-1
4748,-1,-1
375,-1,-1
2766,-1,-1
581,-1,-1
6575,-1,-1
784,-1,-1
539,-1,-1
6068,-1,-1
128,-1,-1
3263,-1,-1
1933,-1,-1
4478,-1,-1
1703,-1,-1
2705,-1,-1
4031,-1,-1
6246,-1,-1
4428,-1,-1
1370,-1,-1
4503,-1,-1
3041,-1,-1
1403,-1,-1
2088,-1,-1
4145,-1,-1
858,-1,-1
1735,-1,-1
1554,-1,-1
1276,-1,-1
1963,-1,-1
3903,-1,-1
4052,-1,-1
195,-1,-1
4291,-1,-1
4064,-1,-1
5783,-1,-1
6099,-1,-1
4166,-1,-1
1366,-1,-1
3004,-1,-1
1534,-1,-1
1946,-1,-1
4700,-1,-1
2233,-1,-1
5719,-1,-1
2048,-1,-1
3769,-1,-1
3541,-1,-1
2087,-1,-1
1539,-1,-1
5171,-1,-1
5102,-1,-1
5705,-1,-1
1123,-1,-1
5436,-1,-1
107,-1,-1
1242,-1,-1
3267,-1,-1
4305,-1,-1
4717,-1,-1
5589,-1,-1
3026,-1,-1
1012,-1,-1
1000,-1,-1
1872,-1,-1
2826,-1,-1
3315,-1,-1
2687,-1,-1
516,-1,-1
806,-1,-1
4936,-1,-1
158,-1,-1
2350,-1,-1
2664,-1,-1
1837,-1,-1
4278,-1,-1
215,-1,-1
2704,-1,-1
1991,-1,-1
2007,-1,-1
4676,-1,-1
3296,-1,-1
1443,-1,-1
5749,-1,-1
6061,-1,-1
1503,-1,-1
5939,-1,-1
483,-1,-1
2865,-1,-1
2799,-1,-1
3397,-1,-1
3196,-1,-1
2030,-1,-1
683,-1,-1
6861,-1,-1
5936,-1,-1
4598,-1,-1
3278,-1,-1
3290,-1,-1
4746,-1,-1
3768,-1,-1
2092,-1,-1
2414,-1,-1
4405,-1,-1
35,-1,-1
2174,-1,-1
6808,-1,-1
3876,-1,-1
1455,-1,-1
2385,-1,-1
6739,-1,-1
2051,-1,-1
1252,-1,-1
3,-1,-1
6260,-1,-1
2678,-1,-1
2609,-1,-1
3186,-1,-1
5260,-1,-1
4141,-1,-1
5043,-1,-1
2417,-1,-1
2483,-1,-1
4384,-1,-1
5663,-1,-1
4439,-1,-1
5008,-1,-1
1456,-1,-1
2943,-1,-1
681,-1,-1
1907,-1,-1
3824,-1,-1
4931,-1,-1
5654,-1,-1
4213,-1,-1
6586,-1,-1
4455,-1,-1
1381,-1,-1
3818,-1,-1
6388,-1,-1
6267,-1,-1
39,-1,-1
4777,-1,-1
4235,-1,-1
1329,-1,-1
5433,-1,-1
1307,-1,-1
1976,-1,-1
1807,-1,-1
4148,-1,-1
1986,-1,-1
1674,-1,-1
2441,-1,-1
4678,-1,-1
1751,-1,-1
3155,-1,-1
531,-1,-1
4781,-1,-1
5297,-1,-1
6669,-1,-1
4656,-1,-1
2744,-1,-1
4392,-1,-1
179,-1,-1
4210,-1,-1
5481,-1,-1
1690,-1,-1
2836,-1,-1
4374,-1,-1
4705,-1,-1
649,-1,-1
2319,-1,-1
1840,-1,-1
3512,-1,-1
6539,-1,-1
1852,-1,-1
6116,-1,-1
376,-1,-1
4069,-1,-1
2653,-1,-1
3206,-1,-1
6835,-1,-1
746,-1,-1
3257,-1,-1
4044,-1,-1
4262,-1,-1
3843,-1,-1
1332,-1,-1
4714,-1,-1
5145,-1,-1
560,-1,-1
3468,-1,-1
444,-1,-1
3455,-1,-1
1420,-1,-1
4028,-1,-1
1347,-1,-1
6845,-1,-1
958,-1,-1
6741,-1,-1
796,-1,-1
2294,-1,-1
2025,-1,-1
1951,-1,-1
273,-1,-1
944,-1,-1
3888,-1,-1
3765,-1,-1
1411,-1,-1
1578,-1,-1
3752,-1,-1
2605,-1,-1
491,-1,-1
338,-1,-1
3885,-1,-1
5,-1,-1
4485,-1,-1
225,-1,-1
3077,-1,-1
4692,-1,-1
1624,-1,-1
139,-1,-1
2773,-1,-1
2964,-1,-1
2315,-1,-1
6252,-1,-1
2405,-1,-1
34,-1,-1
6512,-1,-1
2884,-1,-1
2821,-1,-1
1273,-1,-1
1867,-1,-1
3303,-1,-1
2997,-1,-1
1265,-1,-1
5605,-1,-1
308,-1,-1
5181,-1,-1
4910,-1,-1
2985,-1,-1
1438,-1,-1
587,-1,-1
1432,-1,-1
6863,-1,-1
93,-1,-1
3493,-1,-1
5151,-1,-1
1166,-1,-1
5262,-1,-1
486,-1,-1
4321,-1,-1
993,-1,-1
5255,-1,-1
418,-1,-1
1745,-1,-1
5309,-1,-1
3134,-1,-1
1251,-1,-1
1890,-1,-1
5992,-1,-1
6862,-1,-1
1587,-1,-1
6697,-1,-1
2091,-1,-1
2430,-1,-1
1334,-1,-1
5160,-1,-1
1603,-1,-1
2971,-1,-1
607,-1,-1
6138,-1,-1
6710,-1,-1
4688,-1,-1
6860,-1,-1
239,-1,-1
5104,-1,-1
5772,-1,-1
5777,-1,-1
4589,-1,-1
6282,-1,-1
3831,-1,-1
3038,-1,-1
3373,-1,-1
102,-1,-1
5126,-1,-1
6596,-1,-1
5581,-1,-1
2053,-1,-1
983,-1,-1
828,-1,-1
6701,-1,-1
2067,-1,-1
6032,-1,-1
3384,-1,-1
6812,-1,-1
4626,-1,-1
2371,-1,-1
3859,-1,-1
80,-1,-1
5903,-1,-1
3042,-1,-1
5987,-1,-1
1212,-1,-1
2654,-1,-1
2360,-1,-1
2408,-1,-1
1783,-1,-1
540,-1,-1
1762,-1,-1
2570,-1,-1
6692,-1,-1
3553,-1,-1
5657,-1,-1
776,-1,-1
5858,-1,-1
4252,-1,-1
2714,-1,-1
3185,-1,-1
4662,-1,-1
1992,-1,-1
3272,-1,-1
3990,-1,-1
1436,-1,-1
3867,-1,-1
1729,-1,-1
149,-1,-1
3472,-1,-1
672,-1,-1
1197,-1,-1
2927,-1,-1
5711,-1,-1
3606,-1,-1
5887,-1,-1
1230,-1,-1
6306,-1,-1
1592,-1,-1
417,-1,-1
2949,-1,-1
463,-1,-1
6172,-1,-1
2879,-1,-1
2623,-1,-1
2316,-1,-1
5675,-1,-1
1652,-1,-1
809,-1,-1
4752,-1,-1
6667,-1,-1
2308,-1,-1
6088,-1,-1
6011,-1,-1
3119,-1,-1
4745,-1,-1
1135,-1,-1
449,-1,-1
5224,-1,-1
2452,-1,-1
5323,-1,-1
3774,-1,-1
5557,-1,-1
6151,-1,-1
4334,-1,-1
5461,-1,-1
4602,-1,-1
541,-1,-1
4027,-1,-1
2416,-1,-1
4159,-1,-1
1633,-1,-1
4304,-1,-1
4955,-1,-1
1101,-1,-1
1508,-1,-1
3495,-1,-1
4833,-1,-1
2638,-1,-1
2504,-1,-1
6564,-1,-1
19,-1,-1
3989,-1,-1
3107,-1,-1
6313,-1,-1
5782,-1,-1
1915,-1,-1
2858,-1,-1
2863,-1,-1
6745,-1,-1
28,-1,-1
808,-1,-1
810,-1,-1
4930,-1,-1
5763,-1,-1
477,-1,-1
2043,-1,-1
513,-1,-1
1363,-1,-1
4838,-1,-1
5529,-1,-1
2529,-1,-1
3109,-1,-1
4989,-1,-1
5203,-1,-1
3466,-1,-1
3033,-1,-1
4904,-1,-1
3112,-1,-1
6523,-1,-1
2921,-1,-1
3214,-1,-1
938,-1,-1
987,-1,-1
5539,-1,-1
1376,-1,-1
3564,-1,-1
6618,-1,-1
481,-1,-1
1063,-1,-1
1728,-1,-1
2100,-1,-1
4963,-1,-1
5735,-1,-1
3521,-1,-1
3227,-1,-1
6119,-1,-1
6441,-1,-1
3608,-1,-1
4848,-1,-1
2108,-1,-1
6624,-1,-1
1173,-1,-1
4338,-1,-1
5996,-1,-1
76,-1,-1
5591,-1,-1
1888,-1,-1
4109,-1,-1
1583,-1,-1
6324,-1,-1
6056,-1,-1
3281,-1,-1
3668,-1,-1
494,-1,-1
237,-1,-1
6770,-1,-1
4778,-1,-1
1561,-1,-1
3809,-1,-1
5922,-1,-1
5725,-1,-1
5632,-1,-1
6408,-1,-1
846,-1,-1
4446,-1,-1
280,-1,-1
6290,-1,-1
1170,-1,-1
3540,-1,-1
6334,-1,-1
4270,-1,-1
3582,-1,-1
98,-1,-1
1806,-1,-1
1399,-1,-1
5322,-1,-1
4571,-1,-1
4157,-1,-1
4878,-1,-1
6346,-1,-1
3428,-1,-1
5192,-1,-1
3849,-1,-1
4858,-1,-1
6359,-1,-1
6156,-1,-1
5468,-1,-1
1423,-1,-1
558,-1,-1
3799,-1,-1
6569,-1,-1
2811,-1,-1
2341,-1,-1
4034,-1,-1
208,-1,-1
4360,-1,-1
1510,-1,-1
3698,-1,-1
6067,-1,-1
2746,-1,-1
1285,-1,-1
1866,-1,-1
1959,-1,-1
5242,-1,-1
973,-1,-1
3291,-1,-1
356,-1,-1
2036,-1,-1
1757,-1,-1
5909,-1,-1
5860,-1,-1
6331,-1,-1
3195,-1,-1
4942,-1,-1
2072,-1,-1
989,-1,-1
4426,-1,-1
4459,-1,-1
1949,-1,-1
5089,-1,-1
699,-1,-1
5746,-1,-1
4877,-1,-1
2169,-1,-1
4992,-1,-1
6378,-1,-1
2963,-1,-1
1810,-1,-1
6776,-1,-1
3019,-1,-1
3489,-1,-1
1896,-1,-1
1079,-1,-1
6598,-1,-1
2607,-1,-1
1699,-1,-1
2781,-1,-1
4516,-1,-1
4788,-1,-1
4775,-1,-1
6136,-1,-1
4239,-1,-1
3103,-1,-1
1343,-1,-1
1832,-1,-1
4093,-1,-1
4660,-1,-1
1440,-1,-1
3273,-1,-1
3656,-1,-1
3562,-1,-1
3918,-1,-1
1830,-1,-1
1921,-1,-1
440,-1,-1
68,-1,-1
2125,-1,-1
6777,-1,-1
6052,-1,-1
635,-1,-1
1195,-1,-1
567,-1,-1
4839,-1,-1
5249,-1,-1
4155,-1,-1
2948,-1,-1
5848,-1,-1
6238,-1,-1
4233,-1,-1
1488,-1,-1
1966,-1,-1
3443,-1,-1
2143,-1,-1
2175,-1,-1
5960,-1,-1
21,-1,-1
3848,-1,-1
5241,-1,-1
6646,-1,-1
5893,-1,-1
6013,-1,-1
4860,-1,-1
2750,-1,-1
5165,-1,-1
6405,-1,-1
6722,-1,-1
6889,-1,-1
3624,-1,-1
6883,-1,-1
1296,-1,-1
394,-1,-1
760,-1,-1
875,-1,-1
2370,-1,-1
4451,-1,-1
4561,-1,-1
1567,-1,-1
5788,-1,-1
5889,-1,-1
1880,-1,-1
6045,-1,-1
432,-1,-1
5918,-1,-1
87,-1,-1
963,-1,-1
4450,-1,-1
1301,-1,-1
5218,-1,-1
2561,-1,-1
2288,-1,-1
5305,-1,-1
5700,-1,-1
5014,-1,-1
5449,-1,-1
3117,-1,-1
552,-1,-1
3552,-1,-1
1424,-1,-1
1093,-1,-1
2102,-1,-1
2597,-1,-1
1407,-1,-1
1693,-1,-1
5252,-1,-1
5910,-1,-1
1784,-1,-1
2052,-1,-1
2249,-1,-1
4192,-1,-1
415,-1,-1
836,-1,-1
2049,-1,-1
4983,-1,-1
244,-1,-1
1181,-1,-1
1404,-1,-1
3625,-1,-1
5372,-1,-1
5044,-1,-1
6074,-1,-1
5830,-1,-1
578,-1,-1
1625,-1,-1
4577,-1,-1
3416,-1,-1
6626,-1,-1
3568,-1,-1
3623,-1,-1
125,-1,-1
3726,-1,-1
5110,-1,-1
4605,-1,-1
4068,-1,-1
1635,-1,-1
5257,-1,-1
1511,-1,-1
4126,-1,-1
6765,-1,-1
2809,-1,-1
6542,-1,-1
2587,-1,-1
1649,-1,-1
5787,-1,-1
2224,-1,-1
1442,-1,-1
2198,-1,-1
5720,-1,-1
6201,-1,-1
5188,-1,-1
3040,-1,-1
4528,-1,-1
4604,-1,-1
687,-1,-1
5032,-1,-1
506,-1,-1
5846,-1,-1
2740,-1,-1
832,-1,-1
6809,-1,-1
5708,-1,-1
1899,-1,-1
6716,-1,-1
3807,-1,-1
4856,-1,-1
1904,-1,-1
6708,-1,-1
3505,-1,-1
1989,-1,-1
6262,-1,-1
5314,-1,-1
3526,-1,-1
1665,-1,-1
3156,-1,-1
2113,-1,-1
4081,-1,-1
5958,-1,-1
3872,-1,-1
1010,-1,-1
3721,-1,-1
3827,-1,-1
452,-1,-1
374,-1,-1
1809,-1,-1
4172,-1,-1
708,-1,-1
5251,-1,-1
2926,-1,-1
5047,-1,-1
3289,-1,-1
2757,-1,-1
4333,-1,-1
5625,-1,-1
3406,-1,-1
6304,-1,-1
2717,-1,-1
2166,-1,-1
4026,-1,-1
3250,-1,-1
6294,-1,-1
1952,-1,-1
6900,-1,-1
5729,-1,-1
405,-1,-1
4694,-1,-1
756,-1,-1
1485,-1,-1
2173,-1,-1
6131,-1,-1
5276,-1,-1
1605,-1,-1
3700,-1,-1
1845,-1,-1
991,-1,-1
2459,-1,-1
6594,-1,-1
2277,-1,-1
6878,-1,-1
3517,-1,-1
5458,-1,-1
1004,-1,-1
4037,-1,-1
1660,-1,-1
5837,-1,-1
5884,-1,-1
5336,-1,-1
5230,-1,-1
865,-1,-1
3684,-1,-1
1521,-1,-1
199,-1,-1
198,-1,-1
4727,-1,-1
848,-1,-1
2415,-1,-1
4112,-1,-1
5038,-1,-1
2866,-1,-1
713,-1,-1
565,-1,-1
3798,-1,-1
3420,-1,-1
290,-1,-1
6295,-1,-1
2458,-1,-1
4486,-1,-1
684,-1,-1
6668,-1,-1
1426,-1,-1
3075,-1,-1
4255,-1,-1
2596,-1,-1
2500,-1,-1
6762,-1,-1
2375,-1,-1
2073,-1,-1
5954,-1,-1
3826,-1,-1
795,-1,-1
4527,-1,-1
6357,-1,-1
6905,-1,-1
1449,-1,-1
4977,-1,-1
3554,-1,-1
2586,-1,-1
2803,-1,-1
5034,-1,-1
2942,-1,-1
2006,-1,-1
3762,-1,-1
6135,-1,-1
1434,-1,-1
4987,-1,-1
1086,-1,-1
3142,-1,-1
2451,-1,-1
473,-1,-1
777,-1,-1
3209,-1,-1
4832,-1,-1
3082,-1,-1
3360,-1,-1
3378,-1,-1
4553,-1,-1
3365,-1,-1
5215,-1,-1
3285,-1,-1
4147,-1,-1
863,-1,-1
3828,-1,-1
620,-1,-1
3465,-1,-1
6022,-1,-1
2200,-1,-1
1993,-1,-1
3931,-1,-1
3213,-1,-1
4449,-1,-1
941,-1,-1
502,-1,-1
6825,-1,-1
1672,-1,-1
6908,-1,-1
3605,-1,-1
171,-1,-1
595,-1,-1
5419,-1,-1
5360,-1,-1
3246,-1,-1
4231,-1,-1
1648,-1,-1
2532,-1,-1
3438,-1,-1
6283,-1,-1
1161,-1,-1
5476,-1,-1
6443,-1,-1
859,-1,-1
2897,-1,-1
6912,-1,-1
4613,-1,-1
3374,-1,-1
2377,-1,-1
4953,-1,-1
2389,-1,-1
3445,-1,-1
3301,-1,-1
4674,-1,-1
692,-1,-1
5949,-1,-1
4959,-1,-1
4309,-1,-1
1597,-1,-1
4351,-1,-1
5376,-1,-1
6166,-1,-1
2071,-1,-1
1600,-1,-1
6742,-1,-1
608,-1,-1
6562,-1,-1
1962,-1,-1
2747,-1,-1
4002,-1,-1
1726,-1,-1
2528,-1,-1
5694,-1,-1
1606,-1,-1
2133,-1,-1
6253,-1,-1
6244,-1,-1
6846,-1,-1
2805,-1,-1
1349,-1,-1
641,-1,-1
3199,-1,-1
2562,-1,-1
3995,-1,-1
2911,-1,-1
6798,-1,-1
1134,-1,-1
1236,-1,-1
6416,-1,-1
2314,-1,-1
5744,-1,-1
2042,-1,-1
6118,-1,-1
446,-1,-1
515,-1,-1
789,-1,-1
1216,-1,-1
2779,-1,-1
2245,-1,-1
4472,-1,-1
5289,-1,-1
1192,-1,-1
2208,-1,-1
4846,-1,-1
4430,-1,-1
307,-1,-1
6872,-1,-1
4843,-1,-1
386,-1,-1
3945,-1,-1
181,-1,-1
1254,-1,-1
472,-1,-1
913,-1,-1
939,-1,-1
1210,-1,-1
1743,-1,-1
3565,-1,-1
29,-1,-1
2885,-1,-1
6464,-1,-1
4265,-1,-1
64,-1,-1
2332,-1,-1
1700,-1,-1
2937,-1,-1
1613,-1,-1
5781,-1,-1
1859,-1,-1
2695,-1,-1
1163,-1,-1
4557,-1,-1
3270,-1,-1
6417,-1,-1
521,-1,-1
4098,-1,-1
4726,-1,-1
926,-1,-1
1066,-1,-1
1384,-1,-1
1668,-1,-1
4881,-1,-1
976,-1,-1
3567,-1,-1
1538,-1,-1
1115,-1,-1
1931,-1,-1
545,-1,-1
77,-1,-1
3509,-1,-1
4055,-1,-1
2840,-1,-1
4013,-1,-1
3900,-1,-1
4006,-1,-1
829,-1,-1
4142,-1,-1
2475,-1,-1
6813,-1,-1
5129,-1,-1
5978,-1,-1
1487,-1,-1
2839,-1,-1
4945,-1,-1
3511,-1,-1
1180,-1,-1
1325,-1,-1
2920,-1,-1
5083,-1,-1
5288,-1,-1
5443,-1,-1
4071,-1,-1
1084,-1,-1
2262,-1,-1
6364,-1,-1
3328,-1,-1
4544,-1,-1
4790,-1,-1
3693,-1,-1
2380,-1,-1
5716,-1,-1
6169,-1,-1
6771,-1,-1
700,-1,-1
3816,-1,-1
6614,-1,-1
1835,-1,-1
6656,-1,-1
6911,-1,-1
940,-1,-1
6810,-1,-1
1128,-1,-1
4962,-1,-1
2230,-1,-1
1515,-1,-1
453,-1,-1
3559,-1,-1
1208,-1,-1
3388,-1,-1
4410,-1,-1
1507,-1,-1
2837,-1,-1
5962,-1,-1
4813,-1,-1
3591,-1,-1
4493,-1,-1
3971,-1,-1
5713,-1,-1
402,-1,-1
853,-1,-1
3938,-1,-1
2480,-1,-1
6706,-1,-1
6634,-1,-1
2770,-1,-1
5025,-1,-1
3718,-1,-1
4761,-1,-1
754,-1,-1
4070,-1,-1
1421,-1,-1
3356,-1,-1
4974,-1,-1
2121,-1,-1
2822,-1,-1
227,-1,-1
6636,-1,-1
3638,-1,-1
1856,-1,-1
2069,-1,-1
6010,-1,-1
25,-1,-1
5587,-1,-1
78,-1,-1
1601,-1,-1
3358,-1,-1
2684,-1,-1
4482,-1,-1
5202,-1,-1
4824,-1,-1
6652,-1,-1
5669,-1,-1
3704,-1,-1
2484,-1,-1
1330,-1,-1
455,-1,-1
980,-1,-1
4024,-1,-1
6753,-1,-1
5259,-1,-1
1908,-1,-1
2972,-1,-1
6423,-1,-1
489,-1,-1
4165,-1,-1
6565,-1,-1
6526,-1,-1
1298,-1,-1
5332,-1,-1
398,-1,-1
5621,-1,-1
6780,-1,-1
4603,-1,-1
6250,-1,-1
1659,-1,-1
5267,-1,-1
3725,-1,-1
6213,-1,-1
4649,-1,-1
2057,-1,-1
2657,-1,-1
2493,-1,-1
968,-1,-1
5156,-1,-1
1565,-1,-1
3194,-1,-1
4500,-1,-1
3383,-1,-1
5402,-1,-1
733,-1,-1
5274,-1,-1
2056,-1,-1
3305,-1,-1
423,-1,-1
4308,-1,-1
4033,-1,-1
1306,-1,-1
5122,-1,-1
487,-1,-1
1975,-1,-1
4371,-1,-1
3940,-1,-1
4066,-1,-1
151,-1,-1
110,-1,-1
2490,-1,-1
3387,-1,-1
2331,-1,-1
6572,-1,-1
3018,-1,-1
1586,-1,-1
6390,-1,-1
4658,-1,-1
5477,-1,-1
5327,-1,-1
6603,-1,-1
3639,-1,-1
282,-1,-1
5986,-1,-1
1429,-1,-1
3421,-1,-1
597,-1,-1
2425,-1,-1
5318,-1,-1
256,-1,-1
3933,-1,-1
2670,-1,-1
236,-1,-1
1408,-1,-1
3549,-1,-1
5205,-1,-1
1127,-1,-1
5607,-1,-1
322,-1,-1
5356,-1,-1
5306,-1,-1
998,-1,-1
429,-1,-1
849,-1,-1
5361,-1,-1
2013,-1,-1
2582,-1,-1
5637,-1,-1
4158,-1,-1
3845,-1,-1
2213,-1,-1
912,-1,-1
4243,-1,-1
4772,-1,-1
4419,-1,-1
2077,-1,-1
2914,-1,-1
1752,-1,-1
2665,-1,-1
4010,-1,-1
4099,-1,-1
2626,-1,-1
176,-1,-1
120,-1,-1
3106,-1,-1
562,-1,-1
5375,-1,-1
3309,-1,-1
3531,-1,-1
3514,-1,-1
5852,-1,-1
5558,-1,-1
624,-1,-1
4625,-1,-1
3959,-1,-1
1271,-1,-1
5731,-1,-1
1331,-1,-1
4271,-1,-1
2649,-1,-1
6315,-1,-1
1357,-1,-1
2516,-1,-1
2080,-1,-1
3029,-1,-1
2599,-1,-1
5283,-1,-1
4339,-1,-1
213,-1,-1
3216,-1,-1
5364,-1,-1
4346,-1,-1
340,-1,-1
3741,-1,-1
6048,-1,-1
6838,-1,-1
729,-1,-1
5173,-1,-1
2722,-1,-1
5149,-1,-1
4515,-1,-1
204,-1,-1
2498,-1,-1
428,-1,-1
1677,-1,-1
6803,-1,-1
6550,-1,-1
2764,-1,-1
2270,-1,-1
4047,-1,-1
2579,-1,-1
959,-1,-1
3262,-1,-1
143,-1,-1
4804,-1,-1
5142,-1,-1
6413,-1,-1
874,-1,-1
5584,-1,-1
3601,-1,-1
2344,-1,-1
4129,-1,-1
6563,-1,-1
4025,-1,-1
6659,-1,-1
2979,-1,-1
3805,-1,-1
1413,-1,-1
6220,-1,-1
5233,-1,-1
378,-1,-1
3790,-1,-1
3398,-1,-1
3821,-1,-1
1320,-1,-1
1944,-1,-1
1548,-1,-1
240,-1,-1
6325,-1,-1
3616,-1,-1
3782,-1,-1
861,-1,-1
1913,-1,-1
6723,-1,-1
4651,-1,-1
5275,-1,-1
3417,-1,-1
6072,-1,-1
3871,-1,-1
5537,-1,-1
610,-1,-1
2413,-1,-1
193,-1,-1
6529,-1,-1
4532,-1,-1
157,-1,-1
2874,-1,-1
5975,-1,-1
4797,-1,-1
5349,-1,-1
235,-1,-1
6804,-1,-1
2792,-1,-1
1169,-1,-1
5121,-1,-1
6328,-1,-1
4452,-1,-1
3226,-1,-1
785,-1,-1
1689,-1,-1
5277,-1,-1
167,-1,-1
2123,-1,-1
6680,-1,-1
2784,-1,-1
218,-1,-1
4637,-1,-1
3953,-1,-1
2492,-1,-1
2933,-1,-1
4323,-1,-1
3490,-1,-1
2969,-1,-1
3204,-1,-1
162,-1,-1
6385,-1,-1
693,-1,-1
6500,-1,-1
3248,-1,-1
140,-1,-1
5914,-1,-1
3375,-1,-1
3316,-1,-1
2612,-1,-1
4560,-1,-1
4258,-1,-1
447,-1,-1
173,-1,-1
3666,-1,-1
5009,-1,-1
1447,-1,-1
6188,-1,-1
2079,-1,-1
4550,-1,-1
5971,-1,-1
6821,-1,-1
248,-1,-1
2136,-1,-1
1825,-1,-1
4091,-1,-1
90,-1,-1
4703,-1,-1
460,-1,-1
3800,-1,-1
6337,-1,-1
5133,-1,-1
3834,-1,-1
5442,-1,-1
5234,-1,-1
2679,-1,-1
4890,-1,-1
5875,-1,-1
360,-1,-1
4386,-1,-1
1428,-1,-1
2983,-1,-1
1194,-1,-1
6285,-1,-1
5847,-1,-1
4490,-1,-1
6198,-1,-1
584,-1,-1
377,-1,-1
1663,-1,-1
6251,-1,-1
816,-1,-1
3069,-1,-1
4932,-1,-1
4710,-1,-1
2120,-1,-1
4798,-1,-1
6031,-1,-1
1034,-1,-1
5550,-1,-1
278,-1,-1
4594,-1,-1
5974,-1,-1
1367,-1,-1
799,-1,-1
231,-1,-1
3879,-1,-1
6904,-1,-1
2061,-1,-1
5609,-1,-1
3810,-1,-1
1771,-1,-1
812,-1,-1
6369,-1,-1
4411,-1,-1
3254,-1,-1
3857,-1,-1
4092,-1,-1
4173,-1,-1
5191,-1,-1
245,-1,-1
1683,-1,-1
2616,-1,-1
614,-1,-1
6610,-1,-1
2386,-1,-1
6709,-1,-1
3671,-1,-1
3022,-1,-1
5312,-1,-1
1615,-1,-1
3921,-1,-1
2769,-1,-1
4199,-1,-1
707,-1,-1
5761,-1,-1
2970,-1,-1
164,-1,-1
619,-1,-1
3955,-1,-1
2119,-1,-1
4216,-1,-1
6449,-1,-1
2222,-1,-1
4638,-1,-1
438,-1,-1
5972,-1,-1
2020,-1,-1
3446,-1,-1
4254,-1,-1
4279,-1,-1
4641,-1,-1
2112,-1,-1
3274,-1,-1
6196,-1,-1
2127,-1,-1
5533,-1,-1
551,-1,-1
503,-1,-1
385,-1,-1
2662,-1,-1
5517,-1,-1
6522,-1,-1
2365,-1,-1
1717,-1,-1
4948,-1,-1
2961,-1,-1
6473,-1,-1
3510,-1,-1
5469,-1,-1
1714,-1,-1
3771,-1,-1
471,-1,-1
1087,-1,-1
196,-1,-1
5328,-1,-1
2265,-1,-1
4169,-1,-1
3560,-1,-1
4850,-1,-1
3838,-1,-1
6588,-1,-1
2700,-1,-1
6622,-1,-1
2162,-1,-1
4468,-1,-1
2361,-1,-1
2967,-1,-1
6025,-1,-1
5369,-1,-1
0,-1,-1
2354,-1,-1
889,-1,-1
4912,-1,-1
6100,-1,-1
6371,-1,-1
6679,-1,-1
811,-1,-1
675,-1,-1
953,-1,-1
5082,-1,-1
1112,-1,-1
3584,-1,-1
2083,-1,-1
6322,-1,-1
6093,-1,-1
6747,-1,-1
4238,-1,-1
900,-1,-1
625,-1,-1
3728,-1,-1
5838,-1,-1
4736,-1,-1
2778,-1,-1
3168,-1,-1
6090,-1,-1
5164,-1,-1
1480,-1,-1
3331,-1,-1
1956,-1,-1
6097,-1,-1
5582,-1,-1
6503,-1,-1
2860,-1,-1
3153,-1,-1
818,-1,-1
5290,-1,-1
5302,-1,-1
3917,-1,-1
1111,-1,-1
6393,-1,-1
4601,-1,-1
4696,-1,-1
5771,-1,-1
4097,-1,-1
2685,-1,-1
3332,-1,-1
5457,-1,-1
1453,-1,-1
5489,-1,-1
6111,-1,-1
6895,-1,-1
4460,-1,-1
1712,-1,-1
3427,-1,-1
4579,-1,-1
4634,-1,-1
1137,-1,-1
5810,-1,-1
3435,-1,-1
3021,-1,-1
6159,-1,-1
5794,-1,-1
6277,-1,-1
6274,-1,-1
888,-1,-1
1058,-1,-1
2101,-1,-1
3793,-1,-1
1667,-1,-1
3981,-1,-1
697,-1,-1
5820,-1,-1
6042,-1,-1
