,PAR,date
7196,0.34,9/1/15 0:00
7197,0.34,9/1/15 0:30
7198,0.34,9/1/15 1:00
7199,0.34,9/1/15 1:30
7200,0.34,9/1/15 2:00
7201,0.34,9/1/15 2:30
7202,0.34,9/1/15 3:00
7203,0.34,9/1/15 3:30
7204,0.34,9/1/15 4:00
7205,0.34016666700000003,9/1/15 4:30
7206,0.34,9/1/15 5:00
7207,0.34,9/1/15 5:30
7208,3.677166667,9/1/15 6:00
7209,57.07333333,9/1/15 6:30
7210,168.56666669999998,9/1/15 7:00
7211,333.6666667,9/1/15 7:30
7212,330.15,9/1/15 8:00
7213,916.6333332999999,9/1/15 8:30
7214,1089.833333,9/1/15 9:00
7215,519.8,9/1/15 9:30
7216,833.1166667,9/1/15 10:00
7217,997.6166667000001,9/1/15 10:30
7218,1340.0,9/1/15 11:00
7219,773.9833332999999,9/1/15 11:30
7220,804.5,9/1/15 12:00
7221,942.2666667000001,9/1/15 12:30
7222,969.7,9/1/15 13:00
7223,682.0833332999999,9/1/15 13:30
7224,581.2,9/1/15 14:00
7225,828.0166667000001,9/1/15 14:30
7226,514.8,9/1/15 15:00
7227,243.5166667,9/1/15 15:30
7228,121.83333329999999,9/1/15 16:00
7229,98.095,9/1/15 16:30
7230,34.03833333,9/1/15 17:00
7231,15.26333333,9/1/15 17:30
7232,5.614166667,9/1/15 18:00
7233,0.441666667,9/1/15 18:30
7234,0.34,9/1/15 19:00
7235,0.34016666700000003,9/1/15 19:30
7236,0.34016666700000003,9/1/15 20:00
7237,0.34,9/1/15 20:30
7238,0.34,9/1/15 21:00
7239,0.34,9/1/15 21:30
7240,0.34,9/1/15 22:00
7241,0.34,9/1/15 22:30
7242,0.34,9/1/15 23:00
7243,0.34,9/1/15 23:30
7244,0.40483333299999996,9/2/15 0:00
7245,0.435833333,9/2/15 0:30
7246,0.41866666700000005,9/2/15 1:00
7247,0.4235,9/2/15 1:30
7248,0.336,9/2/15 2:00
7249,0.34133333299999996,9/2/15 2:30
7250,0.34,9/2/15 3:00
7251,0.34,9/2/15 3:30
7252,0.36066666700000005,9/2/15 4:00
7253,0.475,9/2/15 4:30
7254,0.38833333299999995,9/2/15 5:00
7255,0.38883333299999995,9/2/15 5:30
7256,4.594333333,9/2/15 6:00
7257,78.485,9/2/15 6:30
7258,229.2166667,9/2/15 7:00
7259,425.25,9/2/15 7:30
7260,547.2333332999999,9/2/15 8:00
7261,701.3833333,9/2/15 8:30
7262,844.3,9/2/15 9:00
7263,356.15,9/2/15 9:30
7264,625.05,9/2/15 10:00
7265,967.5,9/2/15 10:30
7266,901.6666667000002,9/2/15 11:00
7267,1046.666667,9/2/15 11:30
7268,1298.166667,9/2/15 12:00
7269,1510.833333,9/2/15 12:30
7270,1039.166667,9/2/15 13:00
7271,707.3666667,9/2/15 13:30
7272,1164.533333,9/2/15 14:00
7273,697.75,9/2/15 14:30
7274,404.1333333,9/2/15 15:00
7275,234.1333333,9/2/15 15:30
7276,485.0166666999999,9/2/15 16:00
7277,242.58333330000002,9/2/15 16:30
7278,97.055,9/2/15 17:00
7279,73.36333333,9/2/15 17:30
7280,31.48483333,9/2/15 18:00
7281,0.39483333299999995,9/2/15 18:30
7282,0.34,9/2/15 19:00
7283,0.34016666700000003,9/2/15 19:30
7284,0.34,9/2/15 20:00
7285,0.34,9/2/15 20:30
7286,0.34,9/2/15 21:00
7287,0.34,9/2/15 21:30
7288,0.34,9/2/15 22:00
7289,0.34,9/2/15 22:30
7290,0.34,9/2/15 23:00
7291,0.34016666700000003,9/2/15 23:30
7292,0.34,9/3/15 0:00
7293,0.34,9/3/15 0:30
7294,0.34,9/3/15 1:00
7295,0.34,9/3/15 1:30
7296,0.34,9/3/15 2:00
7297,0.34,9/3/15 2:30
7298,0.34016666700000003,9/3/15 3:00
7299,0.34,9/3/15 3:30
7300,0.34,9/3/15 4:00
7301,0.34,9/3/15 4:30
7302,0.34,9/3/15 5:00
7303,0.34,9/3/15 5:30
7304,1.8795,9/3/15 6:00
7305,24.27666667,9/3/15 6:30
7306,46.705,9/3/15 7:00
7307,56.11666667,9/3/15 7:30
7308,38.81666667,9/3/15 8:00
7309,55.31833333,9/3/15 8:30
7310,59.65333333,9/3/15 9:00
7311,75.51666667,9/3/15 9:30
7312,121.65,9/3/15 10:00
7313,435.6833333000001,9/3/15 10:30
7314,667.7666667000001,9/3/15 11:00
7315,843.35,9/3/15 11:30
7316,1195.666667,9/3/15 12:00
7317,1461.166667,9/3/15 12:30
7318,1483.5,9/3/15 13:00
7319,1540.0,9/3/15 13:30
7320,1026.0,9/3/15 14:00
7321,895.5166667000001,9/3/15 14:30
7322,1269.166667,9/3/15 15:00
7323,589.35,9/3/15 15:30
7324,511.05,9/3/15 16:00
7325,350.78333330000004,9/3/15 16:30
7326,184.9666667,9/3/15 17:00
7327,86.59,9/3/15 17:30
7328,23.54716667,9/3/15 18:00
7329,0.522833333,9/3/15 18:30
7330,0.34016666700000003,9/3/15 19:00
7331,0.34,9/3/15 19:30
7332,0.34016666700000003,9/3/15 20:00
7333,0.34016666700000003,9/3/15 20:30
7334,0.34016666700000003,9/3/15 21:00
7335,0.34,9/3/15 21:30
7336,0.34016666700000003,9/3/15 22:00
7337,0.34016666700000003,9/3/15 22:30
7338,0.34,9/3/15 23:00
7339,0.34,9/3/15 23:30
7340,0.34,9/4/15 0:00
7341,0.34,9/4/15 0:30
7342,0.34,9/4/15 1:00
7343,0.34,9/4/15 1:30
7344,0.34,9/4/15 2:00
7345,0.34,9/4/15 2:30
7346,0.341,9/4/15 3:00
7347,0.479333333,9/4/15 3:30
7348,0.397,9/4/15 4:00
7349,0.40866666700000004,9/4/15 4:30
7350,0.41233333299999997,9/4/15 5:00
7351,0.3135,9/4/15 5:30
7352,4.304166667,9/4/15 6:00
7353,45.77666667,9/4/15 6:30
7354,58.96,9/4/15 7:00
7355,123.60833329999998,9/4/15 7:30
7356,363.9833333,9/4/15 8:00
7357,361.6166667,9/4/15 8:30
7358,208.55,9/4/15 9:00
7359,267.7,9/4/15 9:30
7360,1065.416667,9/4/15 10:00
7361,1274.6,9/4/15 10:30
7362,1454.95,9/4/15 11:00
7363,907.4666667000001,9/4/15 11:30
7364,1889.5,9/4/15 12:00
7365,1354.016667,9/4/15 12:30
7366,833.7666667000001,9/4/15 13:00
7367,818.5166667000001,9/4/15 13:30
7368,725.5166667000001,9/4/15 14:00
7369,1146.333333,9/4/15 14:30
7370,972.75,9/4/15 15:00
7371,1193.333333,9/4/15 15:30
7372,894.2166667000001,9/4/15 16:00
7373,697.9666667,9/4/15 16:30
7374,279.8333333,9/4/15 17:00
7375,124.8483333,9/4/15 17:30
7376,8.618833333,9/4/15 18:00
7377,0.672166667,9/4/15 18:30
7378,0.34,9/4/15 19:00
7379,0.34033333299999996,9/4/15 19:30
7380,0.34,9/4/15 20:00
7381,0.34,9/4/15 20:30
7382,0.34033333299999996,9/4/15 21:00
7383,0.34,9/4/15 21:30
7384,0.34,9/4/15 22:00
7385,0.34,9/4/15 22:30
7386,0.34,9/4/15 23:00
7387,0.34,9/4/15 23:30
7388,0.34,9/5/15 0:00
7389,0.34,9/5/15 0:30
7390,0.34,9/5/15 1:00
7391,0.34016666700000003,9/5/15 1:30
7392,0.34,9/5/15 2:00
7393,0.34,9/5/15 2:30
7394,0.34,9/5/15 3:00
7395,0.34,9/5/15 3:30
7396,0.34,9/5/15 4:00
7397,0.34,9/5/15 4:30
7398,0.34,9/5/15 5:00
7399,0.34016666700000003,9/5/15 5:30
7400,5.789166667000001,9/5/15 6:00
7401,61.38166667,9/5/15 6:30
7402,89.28333333,9/5/15 7:00
7403,41.44,9/5/15 7:30
7404,67.89,9/5/15 8:00
7405,227.18333330000002,9/5/15 8:30
7406,738.3,9/5/15 9:00
7407,1331.0,9/5/15 9:30
7408,1781.0,9/5/15 10:00
7409,1847.5,9/5/15 10:30
7410,1441.166667,9/5/15 11:00
7411,1198.683333,9/5/15 11:30
7412,1746.8333329999998,9/5/15 12:00
7413,1789.3333329999998,9/5/15 12:30
7414,1363.333333,9/5/15 13:00
7415,469.46666669999996,9/5/15 13:30
7416,151.8,9/5/15 14:00
7417,102.83333329999999,9/5/15 14:30
7418,108.27,9/5/15 15:00
7419,96.95666667,9/5/15 15:30
7420,53.28166667,9/5/15 16:00
7421,43.08166667,9/5/15 16:30
7422,22.717,9/5/15 17:00
7423,8.6655,9/5/15 17:30
7424,1.876166667,9/5/15 18:00
7425,0.34016666700000003,9/5/15 18:30
7426,0.34,9/5/15 19:00
7427,0.34,9/5/15 19:30
7428,0.34,9/5/15 20:00
7429,0.34,9/5/15 20:30
7430,0.34016666700000003,9/5/15 21:00
7431,0.34,9/5/15 21:30
7432,0.34,9/5/15 22:00
7433,0.34033333299999996,9/5/15 22:30
7434,0.34,9/5/15 23:00
7435,0.34033333299999996,9/5/15 23:30
7436,0.34,9/6/15 0:00
7437,0.34,9/6/15 0:30
7438,0.34033333299999996,9/6/15 1:00
7439,0.34,9/6/15 1:30
7440,0.34,9/6/15 2:00
7441,0.34,9/6/15 2:30
7442,0.34,9/6/15 3:00
7443,0.34,9/6/15 3:30
7444,0.34,9/6/15 4:00
7445,0.34,9/6/15 4:30
7446,0.34,9/6/15 5:00
7447,0.34,9/6/15 5:30
7448,3.247,9/6/15 6:00
7449,33.91166667,9/6/15 6:30
7450,88.82333333,9/6/15 7:00
7451,256.96666669999996,9/6/15 7:30
7452,309.21666669999996,9/6/15 8:00
7453,522.5666666999999,9/6/15 8:30
7454,461.4,9/6/15 9:00
7455,703.2333332999999,9/6/15 9:30
7456,833.7833333,9/6/15 10:00
7457,1035.216667,9/6/15 10:30
7458,879.8333332999998,9/6/15 11:00
7459,612.9666667,9/6/15 11:30
7460,906.15,9/6/15 12:00
7461,1706.6666670000002,9/6/15 12:30
7462,725.0833332999999,9/6/15 13:00
7463,607.1666667000001,9/6/15 13:30
7464,302.8833333,9/6/15 14:00
7465,55.76233333,9/6/15 14:30
7466,24.24833333,9/6/15 15:00
7467,38.05666667,9/6/15 15:30
7468,69.24166667,9/6/15 16:00
7469,85.15333333,9/6/15 16:30
7470,46.57833333,9/6/15 17:00
7471,59.395,9/6/15 17:30
7472,16.20083333,9/6/15 18:00
7473,0.39433333299999995,9/6/15 18:30
7474,0.3105,9/6/15 19:00
7475,0.34,9/6/15 19:30
7476,0.34,9/6/15 20:00
7477,0.34,9/6/15 20:30
7478,0.34,9/6/15 21:00
7479,0.34016666700000003,9/6/15 21:30
7480,0.34,9/6/15 22:00
7481,0.34033333299999996,9/6/15 22:30
7482,0.34016666700000003,9/6/15 23:00
7483,0.34,9/6/15 23:30
7484,0.34016666700000003,9/7/15 0:00
7485,0.34,9/7/15 0:30
7486,0.34,9/7/15 1:00
7487,0.34,9/7/15 1:30
7488,0.34,9/7/15 2:00
7489,0.34033333299999996,9/7/15 2:30
7490,0.34016666700000003,9/7/15 3:00
7491,0.34,9/7/15 3:30
7492,0.34,9/7/15 4:00
7493,0.34,9/7/15 4:30
7494,0.34,9/7/15 5:00
7495,0.34,9/7/15 5:30
7496,6.6348333329999996,9/7/15 6:00
7497,119.37,9/7/15 6:30
7498,212.35,9/7/15 7:00
7499,285.2666667,9/7/15 7:30
7500,307.5,9/7/15 8:00
7501,397.25,9/7/15 8:30
7502,800.2833333,9/7/15 9:00
7503,557.1333333,9/7/15 9:30
7504,796.4833332999999,9/7/15 10:00
7505,1147.333333,9/7/15 10:30
7506,1052.566667,9/7/15 11:00
7507,681.9,9/7/15 11:30
7508,660.75,9/7/15 12:00
7509,450.0166666999999,9/7/15 12:30
7510,50.49666667,9/7/15 13:00
7511,28.51833333,9/7/15 13:30
7512,57.255,9/7/15 14:00
7513,62.24666667,9/7/15 14:30
7514,77.72833333,9/7/15 15:00
7515,69.50666667,9/7/15 15:30
7516,101.6166667,9/7/15 16:00
7517,147.3666667,9/7/15 16:30
7518,111.4016667,9/7/15 17:00
7519,24.76,9/7/15 17:30
7520,3.292333333,9/7/15 18:00
7521,0.34016666700000003,9/7/15 18:30
7522,0.34,9/7/15 19:00
7523,0.34016666700000003,9/7/15 19:30
7524,0.34016666700000003,9/7/15 20:00
7525,0.34,9/7/15 20:30
7526,0.34,9/7/15 21:00
7527,0.34016666700000003,9/7/15 21:30
7528,0.34,9/7/15 22:00
7529,0.34,9/7/15 22:30
7530,0.34,9/7/15 23:00
7531,0.34,9/7/15 23:30
7532,0.34,9/8/15 0:00
7533,0.34,9/8/15 0:30
7534,0.34,9/8/15 1:00
7535,0.34,9/8/15 1:30
7536,0.34,9/8/15 2:00
7537,0.34,9/8/15 2:30
7538,0.34033333299999996,9/8/15 3:00
7539,0.34016666700000003,9/8/15 3:30
7540,0.34016666700000003,9/8/15 4:00
7541,0.34016666700000003,9/8/15 4:30
7542,0.34033333299999996,9/8/15 5:00
7543,0.34,9/8/15 5:30
7544,7.721333333,9/8/15 6:00
7545,174.0466667,9/8/15 6:30
7546,301.8833333,9/8/15 7:00
7547,410.65,9/8/15 7:30
7548,390.3833333,9/8/15 8:00
7549,278.1666667,9/8/15 8:30
7550,332.6166667,9/8/15 9:00
7551,621.6666667000001,9/8/15 9:30
7552,1091.0,9/8/15 10:00
7553,810.15,9/8/15 10:30
7554,1126.916667,9/8/15 11:00
7555,1720.3333329999998,9/8/15 11:30
7556,1759.5,9/8/15 12:00
7557,1722.1666670000002,9/8/15 12:30
7558,1356.666667,9/8/15 13:00
7559,1253.333333,9/8/15 13:30
7560,869.7,9/8/15 14:00
7561,578.5,9/8/15 14:30
7562,384.3166667,9/8/15 15:00
7563,135.7166667,9/8/15 15:30
7564,63.70333333,9/8/15 16:00
7565,54.50166667,9/8/15 16:30
7566,42.21,9/8/15 17:00
7567,21.08166667,9/8/15 17:30
7568,4.055833333,9/8/15 18:00
7569,0.315333333,9/8/15 18:30
7570,0.3385,9/8/15 19:00
7571,0.34,9/8/15 19:30
7572,0.3515,9/8/15 20:00
7573,0.303166667,9/8/15 20:30
7574,0.297,9/8/15 21:00
7575,0.2885,9/8/15 21:30
7576,0.240333333,9/8/15 22:00
7577,0.310833333,9/8/15 22:30
7578,0.3275,9/8/15 23:00
7579,0.3395,9/8/15 23:30
7580,0.33983333299999996,9/9/15 0:00
7581,0.34,9/9/15 0:30
7582,0.34,9/9/15 1:00
7583,0.34016666700000003,9/9/15 1:30
7584,0.34,9/9/15 2:00
7585,0.34,9/9/15 2:30
7586,0.34,9/9/15 3:00
7587,0.34,9/9/15 3:30
7588,0.34016666700000003,9/9/15 4:00
7589,0.34,9/9/15 4:30
7590,0.34,9/9/15 5:00
7591,0.34,9/9/15 5:30
7592,7.961333333,9/9/15 6:00
7593,50.84333333,9/9/15 6:30
7594,223.1,9/9/15 7:00
7595,437.5166666999999,9/9/15 7:30
7596,508.0166666999999,9/9/15 8:00
7597,520.3166666999999,9/9/15 8:30
7598,1001.3,9/9/15 9:00
7599,1449.833333,9/9/15 9:30
7600,1389.666667,9/9/15 10:00
7601,582.6833333,9/9/15 10:30
7602,725.15,9/9/15 11:00
7603,1221.8,9/9/15 11:30
7604,218.7166667,9/9/15 12:00
7605,1326.033333,9/9/15 12:30
7606,1494.9,9/9/15 13:00
7607,996.9833332999999,9/9/15 13:30
7608,1242.166667,9/9/15 14:00
7609,748.3333332999999,9/9/15 14:30
7610,354.9833333,9/9/15 15:00
7611,411.1833333,9/9/15 15:30
7612,124.27333329999999,9/9/15 16:00
7613,17.44766667,9/9/15 16:30
7614,57.81166667,9/9/15 17:00
7615,33.02833333,9/9/15 17:30
7616,7.917333332999999,9/9/15 18:00
7617,0.34,9/9/15 18:30
7618,0.34016666700000003,9/9/15 19:00
7619,0.3405,9/9/15 19:30
7620,0.34016666700000003,9/9/15 20:00
7621,0.33983333299999996,9/9/15 20:30
7622,0.34,9/9/15 21:00
7623,0.34,9/9/15 21:30
7624,0.34016666700000003,9/9/15 22:00
7625,0.34,9/9/15 22:30
7626,0.34,9/9/15 23:00
7627,0.34,9/9/15 23:30
7628,0.34,9/10/15 0:00
7629,0.34,9/10/15 0:30
7630,0.34,9/10/15 1:00
7631,0.34,9/10/15 1:30
7632,0.34,9/10/15 2:00
7633,0.34,9/10/15 2:30
7634,0.34016666700000003,9/10/15 3:00
7635,0.34016666700000003,9/10/15 3:30
7636,0.34,9/10/15 4:00
7637,0.34,9/10/15 4:30
7638,0.34,9/10/15 5:00
7639,0.34016666700000003,9/10/15 5:30
7640,11.0505,9/10/15 6:00
7641,108.90833329999998,9/10/15 6:30
7642,238.06666669999998,9/10/15 7:00
7643,276.75,9/10/15 7:30
7644,310.5833333,9/10/15 8:00
7645,739.8833333,9/10/15 8:30
7646,621.1666667000001,9/10/15 9:00
7647,379.25,9/10/15 9:30
7648,557.65,9/10/15 10:00
7649,827.8,9/10/15 10:30
7650,776.2833333,9/10/15 11:00
7651,477.5,9/10/15 11:30
7652,599.1333333,9/10/15 12:00
7653,1028.333333,9/10/15 12:30
7654,657.6166667,9/10/15 13:00
7655,325.1166667,9/10/15 13:30
7656,98.87333333,9/10/15 14:00
7657,43.985,9/10/15 14:30
7658,40.54,9/10/15 15:00
7659,35.31166667,9/10/15 15:30
7660,65.41166667,9/10/15 16:00
7661,108.84,9/10/15 16:30
7662,102.455,9/10/15 17:00
7663,16.83166667,9/10/15 17:30
7664,2.8111666669999997,9/10/15 18:00
7665,0.305333333,9/10/15 18:30
7666,0.308,9/10/15 19:00
7667,0.2965,9/10/15 19:30
7668,0.3175,9/10/15 20:00
7669,0.34016666700000003,9/10/15 20:30
7670,0.34016666700000003,9/10/15 21:00
7671,0.359333333,9/10/15 21:30
7672,0.299166667,9/10/15 22:00
7673,0.322666667,9/10/15 22:30
7674,0.306833333,9/10/15 23:00
7675,0.256,9/10/15 23:30
7676,0.33716666700000003,9/11/15 0:00
7677,0.34,9/11/15 0:30
7678,0.34,9/11/15 1:00
7679,0.34,9/11/15 1:30
7680,0.34,9/11/15 2:00
7681,0.34,9/11/15 2:30
7682,0.34016666700000003,9/11/15 3:00
7683,0.34016666700000003,9/11/15 3:30
7684,0.34033333299999996,9/11/15 4:00
7685,0.34,9/11/15 4:30
7686,0.34016666700000003,9/11/15 5:00
7687,0.34,9/11/15 5:30
7688,1.7675,9/11/15 6:00
7689,35.41666667,9/11/15 6:30
7690,89.06833333,9/11/15 7:00
7691,89.44666667,9/11/15 7:30
7692,143.75,9/11/15 8:00
7693,223.9833333,9/11/15 8:30
7694,308.4333333,9/11/15 9:00
7695,435.21666669999996,9/11/15 9:30
7696,474.61666669999994,9/11/15 10:00
7697,643.6833333,9/11/15 10:30
7698,577.6833333,9/11/15 11:00
7699,623.1333333,9/11/15 11:30
7700,795.1,9/11/15 12:00
7701,1020.166667,9/11/15 12:30
7702,569.2166667,9/11/15 13:00
7703,344.8833333,9/11/15 13:30
7704,435.7333333000001,9/11/15 14:00
7705,544.05,9/11/15 14:30
7706,475.3166666999999,9/11/15 15:00
7707,420.0,9/11/15 15:30
7708,336.9,9/11/15 16:00
7709,256.0666667,9/11/15 16:30
7710,178.0333333,9/11/15 17:00
7711,129.0166667,9/11/15 17:30
7712,37.5845,9/11/15 18:00
7713,0.420333333,9/11/15 18:30
7714,0.34,9/11/15 19:00
7715,0.34,9/11/15 19:30
7716,0.34,9/11/15 20:00
7717,1418.5,9/17/15 10:30
7718,2095.5,9/17/15 11:00
7719,1750.3333329999998,9/17/15 11:30
7720,1566.666667,9/17/15 12:00
7721,2210.666667,9/17/15 12:30
7722,2105.5,9/17/15 13:00
7723,1893.1666670000002,9/17/15 13:30
7724,1816.1666670000002,9/17/15 14:00
7725,1583.666667,9/17/15 14:30
7726,1533.833333,9/17/15 15:00
7727,1341.333333,9/17/15 15:30
7728,1122.0,9/17/15 16:00
7729,627.7833333,9/17/15 16:30
7730,436.45,9/17/15 17:00
7731,162.6,9/17/15 17:30
7732,24.80383333,9/17/15 18:00
7733,0.34,9/17/15 18:30
7734,0.34,9/17/15 19:00
7735,0.34,9/17/15 19:30
7736,0.34016666700000003,9/17/15 20:00
7737,0.34,9/17/15 20:30
7738,0.34,9/17/15 21:00
7739,0.34,9/17/15 21:30
7740,0.34,9/17/15 22:00
7741,0.34033333299999996,9/17/15 22:30
7742,0.34,9/17/15 23:00
7743,0.34,9/17/15 23:30
7744,0.34,9/18/15 0:00
7745,0.34016666700000003,9/18/15 0:30
7746,0.34,9/18/15 1:00
7747,0.34,9/18/15 1:30
7748,0.34,9/18/15 2:00
7749,0.34,9/18/15 2:30
7750,0.34,9/18/15 3:00
7751,0.34,9/18/15 3:30
7752,0.34,9/18/15 4:00
7753,0.34,9/18/15 4:30
7754,0.34,9/18/15 5:00
7755,0.34016666700000003,9/18/15 5:30
7756,13.53916667,9/18/15 6:00
7757,92.305,9/18/15 6:30
7758,252.8833333,9/18/15 7:00
7759,574.1666667000001,9/18/15 7:30
7760,837.4833332999999,9/18/15 8:00
7761,883.5166667000001,9/18/15 8:30
7762,1034.5,9/18/15 9:00
7763,1106.183333,9/18/15 9:30
7764,1390.833333,9/18/15 10:00
7765,1626.333333,9/18/15 10:30
7766,1294.833333,9/18/15 11:00
7767,1581.833333,9/18/15 11:30
7768,1544.666667,9/18/15 12:00
7769,1447.333333,9/18/15 12:30
7770,1399.666667,9/18/15 13:00
7771,1543.333333,9/18/15 13:30
7772,1400.666667,9/18/15 14:00
7773,1266.166667,9/18/15 14:30
7774,1090.5,9/18/15 15:00
7775,834.1666667000001,9/18/15 15:30
7776,546.4666667,9/18/15 16:00
7777,354.1333333,9/18/15 16:30
7778,213.43333330000002,9/18/15 17:00
7779,56.04,9/18/15 17:30
7780,3.696333333,9/18/15 18:00
7781,0.34,9/18/15 18:30
7782,0.34,9/18/15 19:00
7783,0.34,9/18/15 19:30
7784,0.34,9/18/15 20:00
7785,0.34,9/18/15 20:30
7786,0.34016666700000003,9/18/15 21:00
7787,0.34,9/18/15 21:30
7788,0.34,9/18/15 22:00
7789,0.34,9/18/15 22:30
7790,0.34,9/18/15 23:00
7791,0.34,9/18/15 23:30
7792,0.34,9/19/15 0:00
7793,0.34,9/19/15 0:30
7794,0.34016666700000003,9/19/15 1:00
7795,0.38483333299999994,9/19/15 1:30
7796,0.365833333,9/19/15 2:00
7797,0.373666667,9/19/15 2:30
7798,0.39233333299999995,9/19/15 3:00
7799,0.395666667,9/19/15 3:30
7800,0.34383333299999996,9/19/15 4:00
7801,0.34,9/19/15 4:30
7802,0.34,9/19/15 5:00
7803,0.38483333299999994,9/19/15 5:30
7804,12.59933333,9/19/15 6:00
7805,104.64,9/19/15 6:30
7806,401.28333330000004,9/19/15 7:00
7807,730.3333332999999,9/19/15 7:30
7808,822.5333333,9/19/15 8:00
7809,974.3333332999998,9/19/15 8:30
7810,1504.166667,9/19/15 9:00
7811,1568.333333,9/19/15 9:30
7812,1707.1666670000002,9/19/15 10:00
7813,1850.8333329999998,9/19/15 10:30
7814,740.8,9/19/15 11:00
7815,1529.833333,9/19/15 11:30
7816,1093.05,9/19/15 12:00
7817,1405.833333,9/19/15 12:30
7818,2261.0,9/19/15 13:00
7819,2131.5,9/19/15 13:30
7820,2018.1666670000002,9/19/15 14:00
7821,1368.0,9/19/15 14:30
7822,1258.166667,9/19/15 15:00
7823,1237.666667,9/19/15 15:30
7824,702.2666667000001,9/19/15 16:00
7825,606.3333332999999,9/19/15 16:30
7826,363.2,9/19/15 17:00
7827,152.275,9/19/15 17:30
7828,10.19666667,9/19/15 18:00
7829,0.34,9/19/15 18:30
7830,0.34016666700000003,9/19/15 19:00
7831,0.34,9/19/15 19:30
7832,0.34,9/19/15 20:00
7833,0.34016666700000003,9/19/15 20:30
7834,0.34016666700000003,9/19/15 21:00
7835,0.34,9/19/15 21:30
7836,0.34,9/19/15 22:00
7837,0.34,9/19/15 22:30
7838,0.34,9/19/15 23:00
7839,0.34016666700000003,9/19/15 23:30
7840,0.34,9/20/15 0:00
7841,0.34016666700000003,9/20/15 0:30
7842,0.34033333299999996,9/20/15 1:00
7843,0.34,9/20/15 1:30
7844,0.34,9/20/15 2:00
7845,0.34,9/20/15 2:30
7846,0.34016666700000003,9/20/15 3:00
7847,0.34016666700000003,9/20/15 3:30
7848,0.34,9/20/15 4:00
7849,0.34,9/20/15 4:30
7850,0.34016666700000003,9/20/15 5:00
7851,0.34016666700000003,9/20/15 5:30
7852,19.3995,9/20/15 6:00
7853,123.76833329999998,9/20/15 6:30
7854,409.9166667,9/20/15 7:00
7855,709.45,9/20/15 7:30
7856,996.6666667000002,9/20/15 8:00
7857,930.6333332999999,9/20/15 8:30
7858,816.25,9/20/15 9:00
7859,1199.333333,9/20/15 9:30
7860,1458.0,9/20/15 10:00
7861,1908.5,9/20/15 10:30
7862,2087.666667,9/20/15 11:00
7863,2187.5,9/20/15 11:30
7864,2276.5,9/20/15 12:00
7865,2366.333333,9/20/15 12:30
7866,2291.666667,9/20/15 13:00
7867,2254.666667,9/20/15 13:30
7868,1979.0,9/20/15 14:00
7869,1771.1666670000002,9/20/15 14:30
7870,1448.333333,9/20/15 15:00
7871,924.9833332999999,9/20/15 15:30
7872,686.2666667000001,9/20/15 16:00
7873,338.6666667,9/20/15 16:30
7874,369.1333333,9/20/15 17:00
7875,137.66666669999998,9/20/15 17:30
7876,27.55516667,9/20/15 18:00
7877,0.34,9/20/15 18:30
7878,0.34,9/20/15 19:00
7879,0.34,9/20/15 19:30
7880,0.34,9/20/15 20:00
7881,0.34,9/20/15 20:30
7882,0.34,9/20/15 21:00
7883,0.34,9/20/15 21:30
7884,0.34,9/20/15 22:00
7885,0.34,9/20/15 22:30
7886,0.34016666700000003,9/20/15 23:00
7887,0.34,9/20/15 23:30
7888,0.34033333299999996,9/21/15 0:00
7889,0.34033333299999996,9/21/15 0:30
7890,0.34,9/21/15 1:00
7891,0.34016666700000003,9/21/15 1:30
7892,0.34,9/21/15 2:00
7893,0.34,9/21/15 2:30
7894,0.34,9/21/15 3:00
7895,0.34,9/21/15 3:30
7896,0.34016666700000003,9/21/15 4:00
7897,0.34,9/21/15 4:30
7898,0.34,9/21/15 5:00
7899,0.34016666700000003,9/21/15 5:30
7900,11.68183333,9/21/15 6:00
7901,118.23,9/21/15 6:30
7902,315.1666667,9/21/15 7:00
7903,512.1,9/21/15 7:30
7904,715.1833333,9/21/15 8:00
7905,915.3333332999998,9/21/15 8:30
7906,779.4333333,9/21/15 9:00
7907,974.7333332999999,9/21/15 9:30
7908,984.9,9/21/15 10:00
7909,327.8333333,9/21/15 10:30
7910,149.8183333,9/21/15 11:00
7911,116.96,9/21/15 11:30
7912,182.7166667,9/21/15 12:00
7913,194.2333333,9/21/15 12:30
7914,247.85,9/21/15 13:00
7915,308.45,9/21/15 13:30
7916,324.55,9/21/15 14:00
7917,308.7666667,9/21/15 14:30
7918,184.05,9/21/15 15:00
7919,369.15,9/21/15 15:30
7920,316.95,9/21/15 16:00
7921,292.95,9/21/15 16:30
7922,259.03333330000004,9/21/15 17:00
7923,93.73166667,9/21/15 17:30
7924,14.807,9/21/15 18:00
7925,0.3005,9/21/15 18:30
7926,0.286333333,9/21/15 19:00
7927,0.33733333299999996,9/21/15 19:30
7928,0.34,9/21/15 20:00
7929,0.34,9/21/15 20:30
7930,0.34,9/21/15 21:00
7931,0.34016666700000003,9/21/15 21:30
7932,0.34,9/21/15 22:00
7933,0.34,9/21/15 22:30
7934,0.34,9/21/15 23:00
7935,0.34,9/21/15 23:30
7936,0.34,9/22/15 0:00
7937,0.34,9/22/15 0:30
7938,0.34,9/22/15 1:00
7939,0.34,9/22/15 1:30
7940,0.34016666700000003,9/22/15 2:00
7941,0.34033333299999996,9/22/15 2:30
7942,0.34,9/22/15 3:00
7943,0.34,9/22/15 3:30
7944,0.34,9/22/15 4:00
7945,0.34,9/22/15 4:30
7946,0.34,9/22/15 5:00
7947,0.34,9/22/15 5:30
7948,12.373,9/22/15 6:00
7949,102.13,9/22/15 6:30
7950,288.0166667,9/22/15 7:00
7951,509.9833333000001,9/22/15 7:30
7952,651.7166667,9/22/15 8:00
7953,290.5,9/22/15 8:30
7954,863.0666667000002,9/22/15 9:00
7955,843.0333332999999,9/22/15 9:30
7956,1265.166667,9/22/15 10:00
7957,1607.0,9/22/15 10:30
7958,1166.333333,9/22/15 11:00
7959,1357.0,9/22/15 11:30
7960,1151.666667,9/22/15 12:00
7961,1585.833333,9/22/15 12:30
7962,1499.666667,9/22/15 13:00
7963,2028.8333329999998,9/22/15 13:30
7964,1949.1666670000002,9/22/15 14:00
7965,1775.1666670000002,9/22/15 14:30
7966,1099.2,9/22/15 15:00
7967,288.9166667,9/22/15 15:30
7968,454.21666669999996,9/22/15 16:00
7969,152.6816667,9/22/15 16:30
7970,46.21,9/22/15 17:00
7971,11.55133333,9/22/15 17:30
7972,0.9431666670000001,9/22/15 18:00
7973,0.34,9/22/15 18:30
7974,0.34033333299999996,9/22/15 19:00
7975,0.34,9/22/15 19:30
7976,0.34,9/22/15 20:00
7977,0.34,9/22/15 20:30
7978,0.34,9/22/15 21:00
7979,0.34,9/22/15 21:30
7980,0.34,9/22/15 22:00
7981,0.34,9/22/15 22:30
7982,0.34,9/22/15 23:00
7983,0.34016666700000003,9/22/15 23:30
7984,0.34016666700000003,9/23/15 0:00
7985,0.34,9/23/15 0:30
7986,0.34,9/23/15 1:00
7987,0.34,9/23/15 1:30
7988,0.34016666700000003,9/23/15 2:00
7989,0.34016666700000003,9/23/15 2:30
7990,0.34016666700000003,9/23/15 3:00
7991,0.34016666700000003,9/23/15 3:30
7992,0.34,9/23/15 4:00
7993,0.34,9/23/15 4:30
7994,0.34,9/23/15 5:00
7995,0.34016666700000003,9/23/15 5:30
7996,3.550833333,9/23/15 6:00
7997,21.04666667,9/23/15 6:30
7998,84.76333333,9/23/15 7:00
7999,191.3666667,9/23/15 7:30
8000,384.75,9/23/15 8:00
8001,829.0,9/23/15 8:30
8002,632.55,9/23/15 9:00
8003,875.7333332999999,9/23/15 9:30
8004,749.8666667,9/23/15 10:00
8005,896.5166667000001,9/23/15 10:30
8006,1209.666667,9/23/15 11:00
8007,1041.166667,9/23/15 11:30
8008,1089.333333,9/23/15 12:00
8009,836.7,9/23/15 12:30
8010,706.3833333,9/23/15 13:00
8011,846.0666667000002,9/23/15 13:30
8012,626.3,9/23/15 14:00
8013,155.95,9/23/15 14:30
8014,66.32666667,9/23/15 15:00
8015,53.96333333,9/23/15 15:30
8016,91.41,9/23/15 16:00
8017,115.76666670000002,9/23/15 16:30
8018,106.46666670000002,9/23/15 17:00
8019,49.515,9/23/15 17:30
8020,6.501333333,9/23/15 18:00
8021,0.34,9/23/15 18:30
8022,0.34,9/23/15 19:00
8023,0.3115,9/23/15 19:30
8024,0.29600000000000004,9/23/15 20:00
8025,0.323166667,9/23/15 20:30
8026,0.308833333,9/23/15 21:00
8027,0.299666667,9/23/15 21:30
8028,0.33933333299999996,9/23/15 22:00
8029,0.33983333299999996,9/23/15 22:30
8030,0.34,9/23/15 23:00
8031,0.34,9/23/15 23:30
8032,0.34,9/24/15 0:00
8033,0.34016666700000003,9/24/15 0:30
8034,0.34,9/24/15 1:00
8035,0.34,9/24/15 1:30
8036,0.34033333299999996,9/24/15 2:00
8037,0.34033333299999996,9/24/15 2:30
8038,0.34,9/24/15 3:00
8039,0.34,9/24/15 3:30
8040,0.34,9/24/15 4:00
8041,0.34016666700000003,9/24/15 4:30
8042,0.34,9/24/15 5:00
8043,0.34,9/24/15 5:30
8044,13.42783333,9/24/15 6:00
8045,104.2166667,9/24/15 6:30
8046,270.46666669999996,9/24/15 7:00
8047,608.8833333,9/24/15 7:30
8048,623.6833333,9/24/15 8:00
8049,1063.716667,9/24/15 8:30
8050,879.7,9/24/15 9:00
8051,958.45,9/24/15 9:30
8052,1205.666667,9/24/15 10:00
8053,1134.45,9/24/15 10:30
8054,1768.1,9/24/15 11:00
8055,1338.0,9/24/15 11:30
8056,2017.8333329999998,9/24/15 12:00
8057,1950.1666670000002,9/24/15 12:30
8058,832.8333332999999,9/24/15 13:00
8059,373.96666669999996,9/24/15 13:30
8060,636.75,9/24/15 14:00
8061,571.9166667000001,9/24/15 14:30
8062,456.78333330000004,9/24/15 15:00
8063,125.67,9/24/15 15:30
8064,188.7833333,9/24/15 16:00
8065,111.51666670000002,9/24/15 16:30
8066,113.51666670000002,9/24/15 17:00
8067,52.85833333,9/24/15 17:30
8068,4.9965,9/24/15 18:00
8069,0.34033333299999996,9/24/15 18:30
8070,0.34,9/24/15 19:00
8071,0.34016666700000003,9/24/15 19:30
8072,0.34016666700000003,9/24/15 20:00
8073,0.34,9/24/15 20:30
8074,0.34,9/24/15 21:00
8075,0.34016666700000003,9/24/15 21:30
8076,0.34016666700000003,9/24/15 22:00
8077,0.34,9/24/15 22:30
8078,0.34,9/24/15 23:00
8079,0.34,9/24/15 23:30
8080,0.34,9/25/15 0:00
8081,0.34033333299999996,9/25/15 0:30
8082,0.34033333299999996,9/25/15 1:00
8083,0.34,9/25/15 1:30
8084,0.34,9/25/15 2:00
8085,0.34,9/25/15 2:30
8086,0.34,9/25/15 3:00
8087,0.34,9/25/15 3:30
8088,0.34,9/25/15 4:00
8089,0.34,9/25/15 4:30
8090,0.34,9/25/15 5:00
8091,0.34016666700000003,9/25/15 5:30
8092,17.90433333,9/25/15 6:00
8093,165.9616667,9/25/15 6:30
8094,465.85,9/25/15 7:00
8095,742.5,9/25/15 7:30
8096,912.75,9/25/15 8:00
8097,1463.833333,9/25/15 8:30
8098,1315.5,9/25/15 9:00
8099,1639.666667,9/25/15 9:30
8100,1205.4,9/25/15 10:00
8101,823.4833332999999,9/25/15 10:30
8102,1541.683333,9/25/15 11:00
8103,1997.5666670000003,9/25/15 11:30
8104,2037.5,9/25/15 12:00
8105,2138.166667,9/25/15 12:30
8106,2205.166667,9/25/15 13:00
8107,1896.0,9/25/15 13:30
8108,1832.8333329999998,9/25/15 14:00
8109,1742.0,9/25/15 14:30
8110,1454.666667,9/25/15 15:00
8111,908.0666667000002,9/25/15 15:30
8112,682.0166667000001,9/25/15 16:00
8113,669.6333333,9/25/15 16:30
8114,317.2,9/25/15 17:00
8115,175.735,9/25/15 17:30
8116,12.70233333,9/25/15 18:00
8117,0.368166667,9/25/15 18:30
8118,0.4065,9/25/15 19:00
8119,0.284,9/25/15 19:30
8120,0.304,9/25/15 20:00
8121,0.298,9/25/15 20:30
8122,0.281833333,9/25/15 21:00
8123,0.321666667,9/25/15 21:30
8124,0.33966666700000003,9/25/15 22:00
8125,0.34016666700000003,9/25/15 22:30
8126,0.34,9/25/15 23:00
8127,0.322666667,9/25/15 23:30
8128,0.281833333,9/26/15 0:00
8129,0.303833333,9/26/15 0:30
8130,0.297666667,9/26/15 1:00
8131,0.308833333,9/26/15 1:30
8132,0.33683333299999996,9/26/15 2:00
8133,0.34,9/26/15 2:30
8134,0.34,9/26/15 3:00
8135,0.34,9/26/15 3:30
8136,0.34,9/26/15 4:00
8137,0.34,9/26/15 4:30
8138,0.34016666700000003,9/26/15 5:00
8139,0.34,9/26/15 5:30
8140,15.37066667,9/26/15 6:00
8141,115.97666670000001,9/26/15 6:30
8142,314.3666667,9/26/15 7:00
8143,531.3333333,9/26/15 7:30
8144,997.6666667000002,9/26/15 8:00
8145,967.8666667000001,9/26/15 8:30
8146,986.85,9/26/15 9:00
8147,1430.833333,9/26/15 9:30
8148,1246.85,9/26/15 10:00
8149,1536.666667,9/26/15 10:30
8150,1618.833333,9/26/15 11:00
8151,2121.0,9/26/15 11:30
8152,2133.0,9/26/15 12:00
8153,2208.0,9/26/15 12:30
8154,1667.5,9/26/15 13:00
8155,1951.3333329999998,9/26/15 13:30
8156,1820.5,9/26/15 14:00
8157,1198.4,9/26/15 14:30
8158,550.45,9/26/15 15:00
8159,459.5,9/26/15 15:30
8160,142.3666667,9/26/15 16:00
8161,91.81,9/26/15 16:30
8162,89.24666667,9/26/15 17:00
8163,26.02666667,9/26/15 17:30
8164,3.1675,9/26/15 18:00
8165,0.34,9/26/15 18:30
8166,0.34,9/26/15 19:00
8167,0.34,9/26/15 19:30
8168,0.34,9/26/15 20:00
8169,0.34,9/26/15 20:30
8170,0.34,9/26/15 21:00
8171,0.34,9/26/15 21:30
8172,0.34,9/26/15 22:00
8173,0.34,9/26/15 22:30
8174,0.34,9/26/15 23:00
8175,0.34,9/26/15 23:30
8176,0.34,9/27/15 0:00
8177,0.34,9/27/15 0:30
8178,0.34016666700000003,9/27/15 1:00
8179,0.34,9/27/15 1:30
8180,0.34,9/27/15 2:00
8181,0.34,9/27/15 2:30
8182,0.34,9/27/15 3:00
8183,0.34,9/27/15 3:30
8184,0.34016666700000003,9/27/15 4:00
8185,0.34,9/27/15 4:30
8186,0.34016666700000003,9/27/15 5:00
8187,0.34,9/27/15 5:30
8188,17.508,9/27/15 6:00
8189,156.165,9/27/15 6:30
8190,338.7333333,9/27/15 7:00
8191,583.1333333,9/27/15 7:30
8192,356.3333333,9/27/15 8:00
8193,1159.2,9/27/15 8:30
8194,545.2166667,9/27/15 9:00
8195,953.2833332999999,9/27/15 9:30
8196,1500.333333,9/27/15 10:00
8197,653.3666667,9/27/15 10:30
8198,1735.5,9/27/15 11:00
8199,2189.666667,9/27/15 11:30
8200,2268.333333,9/27/15 12:00
8201,2167.5,9/27/15 12:30
8202,1579.5,9/27/15 13:00
8203,1422.15,9/27/15 13:30
8204,239.2333333,9/27/15 14:00
8205,198.435,9/27/15 14:30
8206,1071.833333,9/27/15 15:00
8207,747.5833332999999,9/27/15 15:30
8208,294.6833333,9/27/15 16:00
8209,190.98,9/27/15 16:30
8210,81.61666667,9/27/15 17:00
8211,68.55666667,9/27/15 17:30
8212,9.301333332999999,9/27/15 18:00
8213,0.368166667,9/27/15 18:30
8214,0.380333333,9/27/15 19:00
8215,0.384,9/27/15 19:30
8216,0.376333333,9/27/15 20:00
8217,0.34883333299999997,9/27/15 20:30
8218,0.34,9/27/15 21:00
8219,0.34,9/27/15 21:30
8220,0.381333333,9/27/15 22:00
8221,0.3535,9/27/15 22:30
8222,0.377833333,9/27/15 23:00
8223,0.385,9/27/15 23:30
8224,0.32916666699999997,9/28/15 0:00
8225,0.35116666700000004,9/28/15 0:30
8226,0.318166667,9/28/15 1:00
8227,0.303166667,9/28/15 1:30
8228,0.299666667,9/28/15 2:00
8229,0.34016666700000003,9/28/15 2:30
8230,0.34,9/28/15 3:00
8231,0.34016666700000003,9/28/15 3:30
8232,0.3085,9/28/15 4:00
8233,0.314166667,9/28/15 4:30
8234,0.303833333,9/28/15 5:00
8235,0.31,9/28/15 5:30
8236,13.95683333,9/28/15 6:00
8237,72.805,9/28/15 6:30
8238,297.8166667,9/28/15 7:00
8239,234.91666669999998,9/28/15 7:30
8240,517.3666667,9/28/15 8:00
8241,722.1,9/28/15 8:30
8242,1163.533333,9/28/15 9:00
8243,1279.35,9/28/15 9:30
8244,1698.8333329999998,9/28/15 10:00
8245,2067.5,9/28/15 10:30
8246,2075.333333,9/28/15 11:00
8247,2171.5,9/28/15 11:30
8248,2214.5,9/28/15 12:00
8249,2261.833333,9/28/15 12:30
8250,2288.666667,9/28/15 13:00
8251,2169.833333,9/28/15 13:30
8252,1956.1666670000002,9/28/15 14:00
8253,1860.1666670000002,9/28/15 14:30
8254,1454.05,9/28/15 15:00
8255,971.3,9/28/15 15:30
8256,578.1166667,9/28/15 16:00
8257,403.9333333,9/28/15 16:30
8258,217.9,9/28/15 17:00
8259,96.70166667,9/28/15 17:30
8260,10.98516667,9/28/15 18:00
8261,0.34,9/28/15 18:30
8262,0.34,9/28/15 19:00
8263,0.34,9/28/15 19:30
8264,0.34,9/28/15 20:00
8265,0.34,9/28/15 20:30
8266,0.34,9/28/15 21:00
8267,0.34,9/28/15 21:30
8268,0.34016666700000003,9/28/15 22:00
8269,0.34,9/28/15 22:30
8270,0.34016666700000003,9/28/15 23:00
8271,0.34,9/28/15 23:30
8272,0.34033333299999996,9/29/15 0:00
8273,0.34,9/29/15 0:30
8274,0.34,9/29/15 1:00
8275,0.34,9/29/15 1:30
8276,0.34,9/29/15 2:00
8277,0.34,9/29/15 2:30
8278,0.34,9/29/15 3:00
8279,0.34,9/29/15 3:30
8280,0.34,9/29/15 4:00
8281,0.34,9/29/15 4:30
8282,0.34016666700000003,9/29/15 5:00
8283,0.34016666700000003,9/29/15 5:30
8284,14.72966667,9/29/15 6:00
8285,99.505,9/29/15 6:30
8286,270.1666667,9/29/15 7:00
8287,543.5333333,9/29/15 7:30
8288,779.7666667000001,9/29/15 8:00
8289,1235.333333,9/29/15 8:30
8290,1226.5,9/29/15 9:00
8291,1394.333333,9/29/15 9:30
8292,1478.333333,9/29/15 10:00
8293,1262.05,9/29/15 10:30
8294,1338.5,9/29/15 11:00
8295,1774.0,9/29/15 11:30
8296,1588.333333,9/29/15 12:00
8297,2041.6666670000002,9/29/15 12:30
8298,1748.5,9/29/15 13:00
8299,1800.3333329999998,9/29/15 13:30
8300,1487.833333,9/29/15 14:00
8301,479.08333330000005,9/29/15 14:30
8302,298.2,9/29/15 15:00
8303,217.15,9/29/15 15:30
8304,112.91333329999999,9/29/15 16:00
8305,159.1166667,9/29/15 16:30
8306,170.45,9/29/15 17:00
8307,88.63666667,9/29/15 17:30
8308,10.654000000000002,9/29/15 18:00
8309,0.34,9/29/15 18:30
8310,0.34,9/29/15 19:00
8311,0.34,9/29/15 19:30
8312,0.34,9/29/15 20:00
8313,0.34,9/29/15 20:30
8314,0.34,9/29/15 21:00
8315,0.34,9/29/15 21:30
8316,0.34,9/29/15 22:00
8317,0.34016666700000003,9/29/15 22:30
8318,0.34,9/29/15 23:00
8319,0.374666667,9/29/15 23:30
8320,0.369166667,9/30/15 0:00
8321,0.3615,9/30/15 0:30
8322,0.385666667,9/30/15 1:00
8323,0.387166667,9/30/15 1:30
8324,0.36116666700000005,9/30/15 2:00
8325,0.3515,9/30/15 2:30
8326,0.34,9/30/15 3:00
8327,0.369166667,9/30/15 3:30
8328,0.365333333,9/30/15 4:00
8329,0.36216666700000005,9/30/15 4:30
8330,0.382,9/30/15 5:00
8331,0.33966666700000003,9/30/15 5:30
8332,7.672833333,9/30/15 6:00
8333,87.87,9/30/15 6:30
8334,187.81666669999998,9/30/15 7:00
8335,255.05,9/30/15 7:30
8336,580.1833333,9/30/15 8:00
8337,557.2166667,9/30/15 8:30
8338,1087.666667,9/30/15 9:00
8339,813.2,9/30/15 9:30
8340,1656.5,9/30/15 10:00
8341,2143.0,9/30/15 10:30
8342,2117.0,9/30/15 11:00
8343,1442.1,9/30/15 11:30
8344,351.21666669999996,9/30/15 12:00
8345,614.6,9/30/15 12:30
8346,1378.666667,9/30/15 13:00
8347,1223.333333,9/30/15 13:30
8348,990.1666667000002,9/30/15 14:00
8349,551.05,9/30/15 14:30
8350,348.7333333,9/30/15 15:00
8351,350.0833333,9/30/15 15:30
8352,197.21,9/30/15 16:00
8353,37.725,9/30/15 16:30
8354,17.29,9/30/15 17:00
8355,8.022666667000001,9/30/15 17:30
8356,0.7958333329999999,9/30/15 18:00
8357,0.34,9/30/15 18:30
8358,0.34016666700000003,9/30/15 19:00
8359,0.34,9/30/15 19:30
8360,0.34,9/30/15 20:00
8361,0.34,9/30/15 20:30
8362,0.34,9/30/15 21:00
8363,0.34,9/30/15 21:30
8364,0.34,9/30/15 22:00
8365,0.34016666700000003,9/30/15 22:30
8366,0.34,9/30/15 23:00
8367,0.34,9/30/15 23:30
